case_id,user_uuid,kp_position,kp_type,probe_class,question_type,evidence_condition,checkpoint_index,checkpoint_event_index,age_sessions,perturbation_label
memtraceb-2f1f897e-kp0000-a7c0-current-present,2f1f897e-d67f-dbc5-6a7b-b7634a9e294f,0,static,static,current,present,0,7,7,
memtraceb-2f1f897e-kp0000-a15c1-current-present,2f1f897e-d67f-dbc5-6a7b-b7634a9e294f,0,static,static,current,present,1,15,15,
memtraceb-2f1f897e-kp0000-a23c2-current-present,2f1f897e-d67f-dbc5-6a7b-b7634a9e294f,0,static,static,current,present,2,23,23,
memtraceb-2f1f897e-kp0000-a31c3-current-present,2f1f897e-d67f-dbc5-6a7b-b7634a9e294f,0,static,static,current,present,3,31,31,
memtraceb-2f1f897e-kp0000-a39c4-current-present,2f1f897e-d67f-dbc5-6a7b-b7634a9e294f,0,static,static,current,present,4,39,39,
memtraceb-2f1f897e-kp0000-a47c5-current-present,2f1f897e-d67f-dbc5-6a7b-b7634a9e294f,0,static,static,current,present,5,47,47,
memtraceb-2f1f897e-kp0000-a55c6-current-present,2f1f897e-d67f-dbc5-6a7b-b7634a9e294f,0,static,static,current,present,6,55,55,
memtraceb-2f1f897e-kp0000-a64c7-current-present,2f1f897e-d67f-dbc5-6a7b-b7634a9e294f,0,static,static,current,present,7,64,64,
memtraceb-2f1f897e-kp0026-a5c0-current-present,2f1f897e-d67f-dbc5-6a7b-b7634a9e294f,26,preference,preference,current,present,0,7,5,
memtraceb-2f1f897e-kp0026-a13c1-current-present,2f1f897e-d67f-dbc5-6a7b-b7634a9e294f,26,preference,preference,current,present,1,15,13,
memtraceb-2f1f897e-kp0026-a21c2-current-present,2f1f897e-d67f-dbc5-6a7b-b7634a9e294f,26,preference,preference,current,present,2,23,21,
memtraceb-2f1f897e-kp0026-a29c3-current-present,2f1f897e-d67f-dbc5-6a7b-b7634a9e294f,26,preference,preference,current,present,3,31,29,
memtraceb-2f1f897e-kp0026-a37c4-current-present,2f1f897e-d67f-dbc5-6a7b-b7634a9e294f,26,preference,preference,current,present,4,39,37,
memtraceb-2f1f897e-kp0026-a45c5-current-present,2f1f897e-d67f-dbc5-6a7b-b7634a9e294f,26,preference,preference,current,present,5,47,45,
memtraceb-2f1f897e-kp0026-a53c6-current-present,2f1f897e-d67f-dbc5-6a7b-b7634a9e294f,26,preference,preference,current,present,6,55,53,
memtraceb-2f1f897e-kp0026-a62c7-current-present,2f1f897e-d67f-dbc5-6a7b-b7634a9e294f,26,preference,preference,current,present,7,64,62,
memtraceb-2f1f897e-kp0110-a3c0-current-present,2f1f897e-d67f-dbc5-6a7b-b7634a9e294f,110,dynamic,dynamic,current,present,0,7,3,item_stale
memtraceb-2f1f897e-kp0110-a3c0-historical-present,2f1f897e-d67f-dbc5-6a7b-b7634a9e294f,110,dynamic,dynamic,historical,present,0,7,3,retrieval_error
memtraceb-2f1f897e-kp0110-a3c0-trajectory-present,2f1f897e-d67f-dbc5-6a7b-b7634a9e294f,110,dynamic,dynamic,trajectory,present,0,7,3,granularity_error
memtraceb-2f1f897e-kp0110-a3c0-current-contradicted,2f1f897e-d67f-dbc5-6a7b-b7634a9e294f,110,dynamic,conflict_distractor,current,contradicted,0,7,3,item_conflict
memtraceb-2f1f897e-kp0110-a11c1-current-present,2f1f897e-d67f-dbc5-6a7b-b7634a9e294f,110,dynamic,dynamic,current,present,1,15,11,item_stale
memtraceb-2f1f897e-kp0110-a11c1-historical-present,2f1f897e-d67f-dbc5-6a7b-b7634a9e294f,110,dynamic,dynamic,historical,present,1,15,11,retrieval_error
memtraceb-2f1f897e-kp0110-a11c1-trajectory-present,2f1f897e-d67f-dbc5-6a7b-b7634a9e294f,110,dynamic,dynamic,trajectory,present,1,15,11,granularity_error
memtraceb-2f1f897e-kp0110-a11c1-current-contradicted,2f1f897e-d67f-dbc5-6a7b-b7634a9e294f,110,dynamic,conflict_distractor,current,contradicted,1,15,11,item_conflict
memtraceb-2f1f897e-kp0110-a19c2-current-present,2f1f897e-d67f-dbc5-6a7b-b7634a9e294f,110,dynamic,dynamic,current,present,2,23,19,item_stale
memtraceb-2f1f897e-kp0110-a19c2-historical-present,2f1f897e-d67f-dbc5-6a7b-b7634a9e294f,110,dynamic,dynamic,historical,present,2,23,19,retrieval_error
memtraceb-2f1f897e-kp0110-a19c2-trajectory-present,2f1f897e-d67f-dbc5-6a7b-b7634a9e294f,110,dynamic,dynamic,trajectory,present,2,23,19,granularity_error
memtraceb-2f1f897e-kp0110-a19c2-current-contradicted,2f1f897e-d67f-dbc5-6a7b-b7634a9e294f,110,dynamic,conflict_distractor,current,contradicted,2,23,19,item_conflict
memtraceb-2f1f897e-kp0110-a27c3-current-present,2f1f897e-d67f-dbc5-6a7b-b7634a9e294f,110,dynamic,dynamic,current,present,3,31,27,item_stale
memtraceb-2f1f897e-kp0110-a27c3-historical-present,2f1f897e-d67f-dbc5-6a7b-b7634a9e294f,110,dynamic,dynamic,historical,present,3,31,27,retrieval_error
memtraceb-2f1f897e-kp0110-a27c3-trajectory-present,2f1f897e-d67f-dbc5-6a7b-b7634a9e294f,110,dynamic,dynamic,trajectory,present,3,31,27,granularity_error
memtraceb-2f1f897e-kp0110-a27c3-current-contradicted,2f1f897e-d67f-dbc5-6a7b-b7634a9e294f,110,dynamic,conflict_distractor,current,contradicted,3,31,27,item_conflict
memtraceb-2f1f897e-kp0110-a35c4-current-present,2f1f897e-d67f-dbc5-6a7b-b7634a9e294f,110,dynamic,dynamic,current,present,4,39,35,item_stale
memtraceb-2f1f897e-kp0110-a35c4-historical-present,2f1f897e-d67f-dbc5-6a7b-b7634a9e294f,110,dynamic,dynamic,historical,present,4,39,35,retrieval_error
memtraceb-2f1f897e-kp0110-a35c4-trajectory-present,2f1f897e-d67f-dbc5-6a7b-b7634a9e294f,110,dynamic,dynamic,trajectory,present,4,39,35,granularity_error
memtraceb-2f1f897e-kp0110-a35c4-current-contradicted,2f1f897e-d67f-dbc5-6a7b-b7634a9e294f,110,dynamic,conflict_distractor,current,contradicted,4,39,35,item_conflict
memtraceb-2f1f897e-kp0110-a43c5-current-present,2f1f897e-d67f-dbc5-6a7b-b7634a9e294f,110,dynamic,dynamic,current,present,5,47,43,item_stale
memtraceb-2f1f897e-kp0110-a43c5-historical-present,2f1f897e-d67f-dbc5-6a7b-b7634a9e294f,110,dynamic,dynamic,historical,present,5,47,43,retrieval_error
memtraceb-2f1f897e-kp0110-a43c5-trajectory-present,2f1f897e-d67f-dbc5-6a7b-b7634a9e294f,110,dynamic,dynamic,trajectory,present,5,47,43,granularity_error
memtraceb-2f1f897e-kp0110-a43c5-current-contradicted,2f1f897e-d67f-dbc5-6a7b-b7634a9e294f,110,dynamic,conflict_distractor,current,contradicted,5,47,43,item_conflict
memtraceb-2f1f897e-kp0110-a51c6-current-present,2f1f897e-d67f-dbc5-6a7b-b7634a9e294f,110,dynamic,dynamic,current,present,6,55,51,item_stale
memtraceb-2f1f897e-kp0110-a51c6-historical-present,2f1f897e-d67f-dbc5-6a7b-b7634a9e294f,110,dynamic,dynamic,historical,present,6,55,51,retrieval_error
memtraceb-2f1f897e-kp0110-a51c6-trajectory-present,2f1f897e-d67f-dbc5-6a7b-b7634a9e294f,110,dynamic,dynamic,trajectory,present,6,55,51,granularity_error
memtraceb-2f1f897e-kp0110-a51c6-current-contradicted,2f1f897e-d67f-dbc5-6a7b-b7634a9e294f,110,dynamic,conflict_distractor,current,contradicted,6,55,51,item_conflict
memtraceb-2f1f897e-kp0110-a60c7-current-present,2f1f897e-d67f-dbc5-6a7b-b7634a9e294f,110,dynamic,dynamic,current,present,7,64,60,item_stale
memtraceb-2f1f897e-kp0110-a60c7-historical-present,2f1f897e-d67f-dbc5-6a7b-b7634a9e294f,110,dynamic,dynamic,historical,present,7,64,60,retrieval_error
memtraceb-2f1f897e-kp0110-a60c7-trajectory-present,2f1f897e-d67f-dbc5-6a7b-b7634a9e294f,110,dynamic,dynamic,trajectory,present,7,64,60,granularity_error
memtraceb-2f1f897e-kp0110-a60c7-current-contradicted,2f1f897e-d67f-dbc5-6a7b-b7634a9e294f,110,dynamic,conflict_distractor,current,contradicted,7,64,60,item_conflict
memtraceb-2f1f897e-kp0169-a4c1-current-present,2f1f897e-d67f-dbc5-6a7b-b7634a9e294f,169,preference,preference,current,present,1,15,4,
memtraceb-2f1f897e-kp0169-a12c2-current-present,2f1f897e-d67f-dbc5-6a7b-b7634a9e294f,169,preference,preference,current,present,2,23,12,
memtraceb-2f1f897e-kp0169-a20c3-current-present,2f1f897e-d67f-dbc5-6a7b-b7634a9e294f,169,preference,preference,current,present,3,31,20,
memtraceb-2f1f897e-kp0169-a28c4-current-present,2f1f897e-d67f-dbc5-6a7b-b7634a9e294f,169,preference,preference,current,present,4,39,28,
memtraceb-2f1f897e-kp0169-a36c5-current-present,2f1f897e-d67f-dbc5-6a7b-b7634a9e294f,169,preference,preference,current,present,5,47,36,
memtraceb-2f1f897e-kp0169-a44c6-current-present,2f1f897e-d67f-dbc5-6a7b-b7634a9e294f,169,preference,preference,current,present,6,55,44,
memtraceb-2f1f897e-kp0169-a53c7-current-present,2f1f897e-d67f-dbc5-6a7b-b7634a9e294f,169,preference,preference,current,present,7,64,53,
memtraceb-2f1f897e-kp0307-a2c3-current-present,2f1f897e-d67f-dbc5-6a7b-b7634a9e294f,307,dynamic,dynamic,current,present,3,31,2,item_stale
memtraceb-2f1f897e-kp0307-a2c3-historical-present,2f1f897e-d67f-dbc5-6a7b-b7634a9e294f,307,dynamic,dynamic,historical,present,3,31,2,retrieval_error
memtraceb-2f1f897e-kp0307-a2c3-trajectory-present,2f1f897e-d67f-dbc5-6a7b-b7634a9e294f,307,dynamic,dynamic,trajectory,present,3,31,2,granularity_error
memtraceb-2f1f897e-kp0307-a2c3-current-contradicted,2f1f897e-d67f-dbc5-6a7b-b7634a9e294f,307,dynamic,conflict_distractor,current,contradicted,3,31,2,item_conflict
memtraceb-2f1f897e-kp0307-a10c4-current-present,2f1f897e-d67f-dbc5-6a7b-b7634a9e294f,307,dynamic,dynamic,current,present,4,39,10,item_stale
memtraceb-2f1f897e-kp0307-a10c4-historical-present,2f1f897e-d67f-dbc5-6a7b-b7634a9e294f,307,dynamic,dynamic,historical,present,4,39,10,retrieval_error
memtraceb-2f1f897e-kp0307-a10c4-trajectory-present,2f1f897e-d67f-dbc5-6a7b-b7634a9e294f,307,dynamic,dynamic,trajectory,present,4,39,10,granularity_error
memtraceb-2f1f897e-kp0307-a10c4-current-contradicted,2f1f897e-d67f-dbc5-6a7b-b7634a9e294f,307,dynamic,conflict_distractor,current,contradicted,4,39,10,item_conflict
memtraceb-2f1f897e-kp0307-a18c5-current-present,2f1f897e-d67f-dbc5-6a7b-b7634a9e294f,307,dynamic,dynamic,current,present,5,47,18,item_stale
memtraceb-2f1f897e-kp0307-a18c5-historical-present,2f1f897e-d67f-dbc5-6a7b-b7634a9e294f,307,dynamic,dynamic,historical,present,5,47,18,retrieval_error
memtraceb-2f1f897e-kp0307-a18c5-trajectory-present,2f1f897e-d67f-dbc5-6a7b-b7634a9e294f,307,dynamic,dynamic,trajectory,present,5,47,18,granularity_error
memtraceb-2f1f897e-kp0307-a18c5-current-contradicted,2f1f897e-d67f-dbc5-6a7b-b7634a9e294f,307,dynamic,conflict_distractor,current,contradicted,5,47,18,item_conflict
memtraceb-2f1f897e-kp0307-a26c6-current-present,2f1f897e-d67f-dbc5-6a7b-b7634a9e294f,307,dynamic,dynamic,current,present,6,55,26,item_stale
memtraceb-2f1f897e-kp0307-a26c6-historical-present,2f1f897e-d67f-dbc5-6a7b-b7634a9e294f,307,dynamic,dynamic,historical,present,6,55,26,retrieval_error
memtraceb-2f1f897e-kp0307-a26c6-trajectory-present,2f1f897e-d67f-dbc5-6a7b-b7634a9e294f,307,dynamic,dynamic,trajectory,present,6,55,26,granularity_error
memtraceb-2f1f897e-kp0307-a26c6-current-contradicted,2f1f897e-d67f-dbc5-6a7b-b7634a9e294f,307,dynamic,conflict_distractor,current,contradicted,6,55,26,item_conflict
memtraceb-2f1f897e-kp0307-a35c7-current-present,2f1f897e-d67f-dbc5-6a7b-b7634a9e294f,307,dynamic,dynamic,current,present,7,64,35,item_stale
memtraceb-2f1f897e-kp0307-a35c7-historical-present,2f1f897e-d67f-dbc5-6a7b-b7634a9e294f,307,dynamic,dynamic,historical,present,7,64,35,retrieval_error
memtraceb-2f1f897e-kp0307-a35c7-trajectory-present,2f1f897e-d67f-dbc5-6a7b-b7634a9e294f,307,dynamic,dynamic,trajectory,present,7,64,35,granularity_error
memtraceb-2f1f897e-kp0307-a35c7-current-contradicted,2f1f897e-d67f-dbc5-6a7b-b7634a9e294f,307,dynamic,conflict_distractor,current,contradicted,7,64,35,item_conflict
memtraceb-2f1f897e-kp0342-a6c4-current-present,2f1f897e-d67f-dbc5-6a7b-b7634a9e294f,342,static,static,current,present,4,39,6,
memtraceb-2f1f897e-kp0342-a14c5-current-present,2f1f897e-d67f-dbc5-6a7b-b7634a9e294f,342,static,static,current,present,5,47,14,
memtraceb-2f1f897e-kp0342-a22c6-current-present,2f1f897e-d67f-dbc5-6a7b-b7634a9e294f,342,static,static,current,present,6,55,22,
memtraceb-2f1f897e-kp0342-a31c7-current-present,2f1f897e-d67f-dbc5-6a7b-b7634a9e294f,342,static,static,current,present,7,64,31,
memtraceb-2f1f897e-bdfoodpreference-a7c0-current-missing,2f1f897e-d67f-dbc5-6a7b-b7634a9e294f,,boundary,boundary_distractor,current,missing,0,7,7,safety_error
memtraceb-2f1f897e-bdfoodpreference-a15c1-current-missing,2f1f897e-d67f-dbc5-6a7b-b7634a9e294f,,boundary,boundary_distractor,current,missing,1,15,15,safety_error
memtraceb-2f1f897e-bdfoodpreference-a23c2-current-missing,2f1f897e-d67f-dbc5-6a7b-b7634a9e294f,,boundary,boundary_distractor,current,missing,2,23,23,safety_error
memtraceb-2f1f897e-bdfoodpreference-a31c3-current-missing,2f1f897e-d67f-dbc5-6a7b-b7634a9e294f,,boundary,boundary_distractor,current,missing,3,31,31,safety_error
memtraceb-2f1f897e-bdfoodpreference-a39c4-current-missing,2f1f897e-d67f-dbc5-6a7b-b7634a9e294f,,boundary,boundary_distractor,current,missing,4,39,39,safety_error
memtraceb-2f1f897e-bdfoodpreference-a47c5-current-missing,2f1f897e-d67f-dbc5-6a7b-b7634a9e294f,,boundary,boundary_distractor,current,missing,5,47,47,safety_error
memtraceb-2f1f897e-bdfoodpreference-a55c6-current-missing,2f1f897e-d67f-dbc5-6a7b-b7634a9e294f,,boundary,boundary_distractor,current,missing,6,55,55,safety_error
memtraceb-2f1f897e-bdfoodpreference-a64c7-current-missing,2f1f897e-d67f-dbc5-6a7b-b7634a9e294f,,boundary,boundary_distractor,current,missing,7,64,64,safety_error
memtraceb-2f1f897e-bdreadingpreference-a7c0-current-missing,2f1f897e-d67f-dbc5-6a7b-b7634a9e294f,,boundary,boundary_distractor,current,missing,0,7,7,safety_error
memtraceb-2f1f897e-bdreadingpreference-a15c1-current-missing,2f1f897e-d67f-dbc5-6a7b-b7634a9e294f,,boundary,boundary_distractor,current,missing,1,15,15,safety_error
memtraceb-2f1f897e-bdreadingpreference-a23c2-current-missing,2f1f897e-d67f-dbc5-6a7b-b7634a9e294f,,boundary,boundary_distractor,current,missing,2,23,23,safety_error
memtraceb-2f1f897e-bdreadingpreference-a31c3-current-missing,2f1f897e-d67f-dbc5-6a7b-b7634a9e294f,,boundary,boundary_distractor,current,missing,3,31,31,safety_error
memtraceb-2f1f897e-bdreadingpreference-a39c4-current-missing,2f1f897e-d67f-dbc5-6a7b-b7634a9e294f,,boundary,boundary_distractor,current,missing,4,39,39,safety_error
memtraceb-2f1f897e-bdreadingpreference-a47c5-current-missing,2f1f897e-d67f-dbc5-6a7b-b7634a9e294f,,boundary,boundary_distractor,current,missing,5,47,47,safety_error
memtraceb-2f1f897e-bdreadingpreference-a55c6-current-missing,2f1f897e-d67f-dbc5-6a7b-b7634a9e294f,,boundary,boundary_distractor,current,missing,6,55,55,safety_error
memtraceb-2f1f897e-bdreadingpreference-a64c7-current-missing,2f1f897e-d67f-dbc5-6a7b-b7634a9e294f,,boundary,boundary_distractor,current,missing,7,64,64,safety_error
memtraceb-8ece194a-kp0000-a8c0-current-present,8ece194a-885c-8e0c-359e-93a97220252c,0,static,static,current,present,0,8,8,
memtraceb-8ece194a-kp0000-a18c1-current-present,8ece194a-885c-8e0c-359e-93a97220252c,0,static,static,current,present,1,18,18,
memtraceb-8ece194a-kp0000-a27c2-current-present,8ece194a-885c-8e0c-359e-93a97220252c,0,static,static,current,present,2,27,27,
memtraceb-8ece194a-kp0000-a37c3-current-present,8ece194a-885c-8e0c-359e-93a97220252c,0,static,static,current,present,3,37,37,
memtraceb-8ece194a-kp0000-a47c4-current-present,8ece194a-885c-8e0c-359e-93a97220252c,0,static,static,current,present,4,47,47,
memtraceb-8ece194a-kp0000-a56c5-current-present,8ece194a-885c-8e0c-359e-93a97220252c,0,static,static,current,present,5,56,56,
memtraceb-8ece194a-kp0000-a66c6-current-present,8ece194a-885c-8e0c-359e-93a97220252c,0,static,static,current,present,6,66,66,
memtraceb-8ece194a-kp0000-a76c7-current-present,8ece194a-885c-8e0c-359e-93a97220252c,0,static,static,current,present,7,76,76,
memtraceb-8ece194a-kp0013-a8c0-current-present,8ece194a-885c-8e0c-359e-93a97220252c,13,preference,preference,current,present,0,8,8,
memtraceb-8ece194a-kp0013-a18c1-current-present,8ece194a-885c-8e0c-359e-93a97220252c,13,preference,preference,current,present,1,18,18,
memtraceb-8ece194a-kp0013-a27c2-current-present,8ece194a-885c-8e0c-359e-93a97220252c,13,preference,preference,current,present,2,27,27,
memtraceb-8ece194a-kp0013-a37c3-current-present,8ece194a-885c-8e0c-359e-93a97220252c,13,preference,preference,current,present,3,37,37,
memtraceb-8ece194a-kp0013-a47c4-current-present,8ece194a-885c-8e0c-359e-93a97220252c,13,preference,preference,current,present,4,47,47,
memtraceb-8ece194a-kp0013-a56c5-current-present,8ece194a-885c-8e0c-359e-93a97220252c,13,preference,preference,current,present,5,56,56,
memtraceb-8ece194a-kp0013-a66c6-current-present,8ece194a-885c-8e0c-359e-93a97220252c,13,preference,preference,current,present,6,66,66,
memtraceb-8ece194a-kp0013-a76c7-current-present,8ece194a-885c-8e0c-359e-93a97220252c,13,preference,preference,current,present,7,76,76,
memtraceb-8ece194a-kp0083-a5c0-current-present,8ece194a-885c-8e0c-359e-93a97220252c,83,dynamic,dynamic,current,present,0,8,5,item_stale
memtraceb-8ece194a-kp0083-a5c0-historical-present,8ece194a-885c-8e0c-359e-93a97220252c,83,dynamic,dynamic,historical,present,0,8,5,retrieval_error
memtraceb-8ece194a-kp0083-a5c0-trajectory-present,8ece194a-885c-8e0c-359e-93a97220252c,83,dynamic,dynamic,trajectory,present,0,8,5,granularity_error
memtraceb-8ece194a-kp0083-a5c0-current-contradicted,8ece194a-885c-8e0c-359e-93a97220252c,83,dynamic,conflict_distractor,current,contradicted,0,8,5,item_conflict
memtraceb-8ece194a-kp0083-a15c1-current-present,8ece194a-885c-8e0c-359e-93a97220252c,83,dynamic,dynamic,current,present,1,18,15,item_stale
memtraceb-8ece194a-kp0083-a15c1-historical-present,8ece194a-885c-8e0c-359e-93a97220252c,83,dynamic,dynamic,historical,present,1,18,15,retrieval_error
memtraceb-8ece194a-kp0083-a15c1-trajectory-present,8ece194a-885c-8e0c-359e-93a97220252c,83,dynamic,dynamic,trajectory,present,1,18,15,granularity_error
memtraceb-8ece194a-kp0083-a15c1-current-contradicted,8ece194a-885c-8e0c-359e-93a97220252c,83,dynamic,conflict_distractor,current,contradicted,1,18,15,item_conflict
memtraceb-8ece194a-kp0083-a24c2-current-present,8ece194a-885c-8e0c-359e-93a97220252c,83,dynamic,dynamic,current,present,2,27,24,item_stale
memtraceb-8ece194a-kp0083-a24c2-historical-present,8ece194a-885c-8e0c-359e-93a97220252c,83,dynamic,dynamic,historical,present,2,27,24,retrieval_error
memtraceb-8ece194a-kp0083-a24c2-trajectory-present,8ece194a-885c-8e0c-359e-93a97220252c,83,dynamic,dynamic,trajectory,present,2,27,24,granularity_error
memtraceb-8ece194a-kp0083-a24c2-current-contradicted,8ece194a-885c-8e0c-359e-93a97220252c,83,dynamic,conflict_distractor,current,contradicted,2,27,24,item_conflict
memtraceb-8ece194a-kp0083-a34c3-current-present,8ece194a-885c-8e0c-359e-93a97220252c,83,dynamic,dynamic,current,present,3,37,34,item_stale
memtraceb-8ece194a-kp0083-a34c3-historical-present,8ece194a-885c-8e0c-359e-93a97220252c,83,dynamic,dynamic,historical,present,3,37,34,retrieval_error
memtraceb-8ece194a-kp0083-a34c3-trajectory-present,8ece194a-885c-8e0c-359e-93a97220252c,83,dynamic,dynamic,trajectory,present,3,37,34,granularity_error
memtraceb-8ece194a-kp0083-a34c3-current-contradicted,8ece194a-885c-8e0c-359e-93a97220252c,83,dynamic,conflict_distractor,current,contradicted,3,37,34,item_conflict
memtraceb-8ece194a-kp0083-a44c4-current-present,8ece194a-885c-8e0c-359e-93a97220252c,83,dynamic,dynamic,current,present,4,47,44,item_stale
memtraceb-8ece194a-kp0083-a44c4-historical-present,8ece194a-885c-8e0c-359e-93a97220252c,83,dynamic,dynamic,historical,present,4,47,44,retrieval_error
memtraceb-8ece194a-kp0083-a44c4-trajectory-present,8ece194a-885c-8e0c-359e-93a97220252c,83,dynamic,dynamic,trajectory,present,4,47,44,granularity_error
memtraceb-8ece194a-kp0083-a44c4-current-contradicted,8ece194a-885c-8e0c-359e-93a97220252c,83,dynamic,conflict_distractor,current,contradicted,4,47,44,item_conflict
memtraceb-8ece194a-kp0083-a53c5-current-present,8ece194a-885c-8e0c-359e-93a97220252c,83,dynamic,dynamic,current,present,5,56,53,item_stale
memtraceb-8ece194a-kp0083-a53c5-historical-present,8ece194a-885c-8e0c-359e-93a97220252c,83,dynamic,dynamic,historical,present,5,56,53,retrieval_error
memtraceb-8ece194a-kp0083-a53c5-trajectory-present,8ece194a-885c-8e0c-359e-93a97220252c,83,dynamic,dynamic,trajectory,present,5,56,53,granularity_error
memtraceb-8ece194a-kp0083-a53c5-current-contradicted,8ece194a-885c-8e0c-359e-93a97220252c,83,dynamic,conflict_distractor,current,contradicted,5,56,53,item_conflict
memtraceb-8ece194a-kp0083-a63c6-current-present,8ece194a-885c-8e0c-359e-93a97220252c,83,dynamic,dynamic,current,present,6,66,63,item_stale
memtraceb-8ece194a-kp0083-a63c6-historical-present,8ece194a-885c-8e0c-359e-93a97220252c,83,dynamic,dynamic,historical,present,6,66,63,retrieval_error
memtraceb-8ece194a-kp0083-a63c6-trajectory-present,8ece194a-885c-8e0c-359e-93a97220252c,83,dynamic,dynamic,trajectory,present,6,66,63,granularity_error
memtraceb-8ece194a-kp0083-a63c6-current-contradicted,8ece194a-885c-8e0c-359e-93a97220252c,83,dynamic,conflict_distractor,current,contradicted,6,66,63,item_conflict
memtraceb-8ece194a-kp0083-a73c7-current-present,8ece194a-885c-8e0c-359e-93a97220252c,83,dynamic,dynamic,current,present,7,76,73,item_stale
memtraceb-8ece194a-kp0083-a73c7-historical-present,8ece194a-885c-8e0c-359e-93a97220252c,83,dynamic,dynamic,historical,present,7,76,73,retrieval_error
memtraceb-8ece194a-kp0083-a73c7-trajectory-present,8ece194a-885c-8e0c-359e-93a97220252c,83,dynamic,dynamic,trajectory,present,7,76,73,granularity_error
memtraceb-8ece194a-kp0083-a73c7-current-contradicted,8ece194a-885c-8e0c-359e-93a97220252c,83,dynamic,conflict_distractor,current,contradicted,7,76,73,item_conflict
memtraceb-8ece194a-kp0303-a7c3-current-present,8ece194a-885c-8e0c-359e-93a97220252c,303,preference,preference,current,present,3,37,7,
memtraceb-8ece194a-kp0303-a17c4-current-present,8ece194a-885c-8e0c-359e-93a97220252c,303,preference,preference,current,present,4,47,17,
memtraceb-8ece194a-kp0303-a26c5-current-present,8ece194a-885c-8e0c-359e-93a97220252c,303,preference,preference,current,present,5,56,26,
memtraceb-8ece194a-kp0303-a36c6-current-present,8ece194a-885c-8e0c-359e-93a97220252c,303,preference,preference,current,present,6,66,36,
memtraceb-8ece194a-kp0303-a46c7-current-present,8ece194a-885c-8e0c-359e-93a97220252c,303,preference,preference,current,present,7,76,46,
memtraceb-8ece194a-kp0329-a3c3-current-present,8ece194a-885c-8e0c-359e-93a97220252c,329,dynamic,dynamic,current,present,3,37,3,item_stale
memtraceb-8ece194a-kp0329-a3c3-historical-present,8ece194a-885c-8e0c-359e-93a97220252c,329,dynamic,dynamic,historical,present,3,37,3,retrieval_error
memtraceb-8ece194a-kp0329-a3c3-trajectory-present,8ece194a-885c-8e0c-359e-93a97220252c,329,dynamic,dynamic,trajectory,present,3,37,3,granularity_error
memtraceb-8ece194a-kp0329-a3c3-current-contradicted,8ece194a-885c-8e0c-359e-93a97220252c,329,dynamic,conflict_distractor,current,contradicted,3,37,3,item_conflict
memtraceb-8ece194a-kp0329-a13c4-current-present,8ece194a-885c-8e0c-359e-93a97220252c,329,dynamic,dynamic,current,present,4,47,13,item_stale
memtraceb-8ece194a-kp0329-a13c4-historical-present,8ece194a-885c-8e0c-359e-93a97220252c,329,dynamic,dynamic,historical,present,4,47,13,retrieval_error
memtraceb-8ece194a-kp0329-a13c4-trajectory-present,8ece194a-885c-8e0c-359e-93a97220252c,329,dynamic,dynamic,trajectory,present,4,47,13,granularity_error
memtraceb-8ece194a-kp0329-a13c4-current-contradicted,8ece194a-885c-8e0c-359e-93a97220252c,329,dynamic,conflict_distractor,current,contradicted,4,47,13,item_conflict
memtraceb-8ece194a-kp0329-a22c5-current-present,8ece194a-885c-8e0c-359e-93a97220252c,329,dynamic,dynamic,current,present,5,56,22,item_stale
memtraceb-8ece194a-kp0329-a22c5-historical-present,8ece194a-885c-8e0c-359e-93a97220252c,329,dynamic,dynamic,historical,present,5,56,22,retrieval_error
memtraceb-8ece194a-kp0329-a22c5-trajectory-present,8ece194a-885c-8e0c-359e-93a97220252c,329,dynamic,dynamic,trajectory,present,5,56,22,granularity_error
memtraceb-8ece194a-kp0329-a22c5-current-contradicted,8ece194a-885c-8e0c-359e-93a97220252c,329,dynamic,conflict_distractor,current,contradicted,5,56,22,item_conflict
memtraceb-8ece194a-kp0329-a32c6-current-present,8ece194a-885c-8e0c-359e-93a97220252c,329,dynamic,dynamic,current,present,6,66,32,item_stale
memtraceb-8ece194a-kp0329-a32c6-historical-present,8ece194a-885c-8e0c-359e-93a97220252c,329,dynamic,dynamic,historical,present,6,66,32,retrieval_error
memtraceb-8ece194a-kp0329-a32c6-trajectory-present,8ece194a-885c-8e0c-359e-93a97220252c,329,dynamic,dynamic,trajectory,present,6,66,32,granularity_error
memtraceb-8ece194a-kp0329-a32c6-current-contradicted,8ece194a-885c-8e0c-359e-93a97220252c,329,dynamic,conflict_distractor,current,contradicted,6,66,32,item_conflict
memtraceb-8ece194a-kp0329-a42c7-current-present,8ece194a-885c-8e0c-359e-93a97220252c,329,dynamic,dynamic,current,present,7,76,42,item_stale
memtraceb-8ece194a-kp0329-a42c7-historical-present,8ece194a-885c-8e0c-359e-93a97220252c,329,dynamic,dynamic,historical,present,7,76,42,retrieval_error
memtraceb-8ece194a-kp0329-a42c7-trajectory-present,8ece194a-885c-8e0c-359e-93a97220252c,329,dynamic,dynamic,trajectory,present,7,76,42,granularity_error
memtraceb-8ece194a-kp0329-a42c7-current-contradicted,8ece194a-885c-8e0c-359e-93a97220252c,329,dynamic,conflict_distractor,current,contradicted,7,76,42,item_conflict
memtraceb-8ece194a-kp0347-a1c3-current-present,8ece194a-885c-8e0c-359e-93a97220252c,347,static,static,current,present,3,37,1,
memtraceb-8ece194a-kp0347-a11c4-current-present,8ece194a-885c-8e0c-359e-93a97220252c,347,static,static,current,present,4,47,11,
memtraceb-8ece194a-kp0347-a20c5-current-present,8ece194a-885c-8e0c-359e-93a97220252c,347,static,static,current,present,5,56,20,
memtraceb-8ece194a-kp0347-a30c6-current-present,8ece194a-885c-8e0c-359e-93a97220252c,347,static,static,current,present,6,66,30,
memtraceb-8ece194a-kp0347-a40c7-current-present,8ece194a-885c-8e0c-359e-93a97220252c,347,static,static,current,present,7,76,40,
memtraceb-8ece194a-bdbeveragepreference-a8c0-current-missing,8ece194a-885c-8e0c-359e-93a97220252c,,boundary,boundary_distractor,current,missing,0,8,8,safety_error
memtraceb-8ece194a-bdbeveragepreference-a18c1-current-missing,8ece194a-885c-8e0c-359e-93a97220252c,,boundary,boundary_distractor,current,missing,1,18,18,safety_error
memtraceb-8ece194a-bdbeveragepreference-a27c2-current-missing,8ece194a-885c-8e0c-359e-93a97220252c,,boundary,boundary_distractor,current,missing,2,27,27,safety_error
memtraceb-8ece194a-bdbeveragepreference-a37c3-current-missing,8ece194a-885c-8e0c-359e-93a97220252c,,boundary,boundary_distractor,current,missing,3,37,37,safety_error
memtraceb-8ece194a-bdbeveragepreference-a47c4-current-missing,8ece194a-885c-8e0c-359e-93a97220252c,,boundary,boundary_distractor,current,missing,4,47,47,safety_error
memtraceb-8ece194a-bdbeveragepreference-a56c5-current-missing,8ece194a-885c-8e0c-359e-93a97220252c,,boundary,boundary_distractor,current,missing,5,56,56,safety_error
memtraceb-8ece194a-bdbeveragepreference-a66c6-current-missing,8ece194a-885c-8e0c-359e-93a97220252c,,boundary,boundary_distractor,current,missing,6,66,66,safety_error
memtraceb-8ece194a-bdbeveragepreference-a76c7-current-missing,8ece194a-885c-8e0c-359e-93a97220252c,,boundary,boundary_distractor,current,missing,7,76,76,safety_error
memtraceb-8ece194a-bdclothingpreference-a8c0-current-missing,8ece194a-885c-8e0c-359e-93a97220252c,,boundary,boundary_distractor,current,missing,0,8,8,safety_error
memtraceb-8ece194a-bdclothingpreference-a18c1-current-missing,8ece194a-885c-8e0c-359e-93a97220252c,,boundary,boundary_distractor,current,missing,1,18,18,safety_error
memtraceb-8ece194a-bdclothingpreference-a27c2-current-missing,8ece194a-885c-8e0c-359e-93a97220252c,,boundary,boundary_distractor,current,missing,2,27,27,safety_error
memtraceb-8ece194a-bdclothingpreference-a37c3-current-missing,8ece194a-885c-8e0c-359e-93a97220252c,,boundary,boundary_distractor,current,missing,3,37,37,safety_error
memtraceb-8ece194a-bdclothingpreference-a47c4-current-missing,8ece194a-885c-8e0c-359e-93a97220252c,,boundary,boundary_distractor,current,missing,4,47,47,safety_error
memtraceb-8ece194a-bdclothingpreference-a56c5-current-missing,8ece194a-885c-8e0c-359e-93a97220252c,,boundary,boundary_distractor,current,missing,5,56,56,safety_error
memtraceb-8ece194a-bdclothingpreference-a66c6-current-missing,8ece194a-885c-8e0c-359e-93a97220252c,,boundary,boundary_distractor,current,missing,6,66,66,safety_error
memtraceb-8ece194a-bdclothingpreference-a76c7-current-missing,8ece194a-885c-8e0c-359e-93a97220252c,,boundary,boundary_distractor,current,missing,7,76,76,safety_error
memtraceb-8ece194a-bdfoodpreference-a8c0-current-missing,8ece194a-885c-8e0c-359e-93a97220252c,,boundary,boundary_distractor,current,missing,0,8,8,safety_error
memtraceb-8ece194a-bdfoodpreference-a18c1-current-missing,8ece194a-885c-8e0c-359e-93a97220252c,,boundary,boundary_distractor,current,missing,1,18,18,safety_error
memtraceb-8ece194a-bdfoodpreference-a27c2-current-missing,8ece194a-885c-8e0c-359e-93a97220252c,,boundary,boundary_distractor,current,missing,2,27,27,safety_error
memtraceb-8ece194a-bdfoodpreference-a37c3-current-missing,8ece194a-885c-8e0c-359e-93a97220252c,,boundary,boundary_distractor,current,missing,3,37,37,safety_error
memtraceb-8ece194a-bdfoodpreference-a47c4-current-missing,8ece194a-885c-8e0c-359e-93a97220252c,,boundary,boundary_distractor,current,missing,4,47,47,safety_error
memtraceb-8ece194a-bdfoodpreference-a56c5-current-missing,8ece194a-885c-8e0c-359e-93a97220252c,,boundary,boundary_distractor,current,missing,5,56,56,safety_error
memtraceb-8ece194a-bdfoodpreference-a66c6-current-missing,8ece194a-885c-8e0c-359e-93a97220252c,,boundary,boundary_distractor,current,missing,6,66,66,safety_error
memtraceb-8ece194a-bdfoodpreference-a76c7-current-missing,8ece194a-885c-8e0c-359e-93a97220252c,,boundary,boundary_distractor,current,missing,7,76,76,safety_error
memtraceb-6106afc1-kp0000-a6c0-current-present,6106afc1-6ad6-c821-3f0f-b491e3e0b833,0,static,static,current,present,0,6,6,
memtraceb-6106afc1-kp0000-a14c1-current-present,6106afc1-6ad6-c821-3f0f-b491e3e0b833,0,static,static,current,present,1,14,14,
memtraceb-6106afc1-kp0000-a22c2-current-present,6106afc1-6ad6-c821-3f0f-b491e3e0b833,0,static,static,current,present,2,22,22,
memtraceb-6106afc1-kp0000-a30c3-current-present,6106afc1-6ad6-c821-3f0f-b491e3e0b833,0,static,static,current,present,3,30,30,
memtraceb-6106afc1-kp0000-a37c4-current-present,6106afc1-6ad6-c821-3f0f-b491e3e0b833,0,static,static,current,present,4,37,37,
memtraceb-6106afc1-kp0000-a45c5-current-present,6106afc1-6ad6-c821-3f0f-b491e3e0b833,0,static,static,current,present,5,45,45,
memtraceb-6106afc1-kp0000-a53c6-current-present,6106afc1-6ad6-c821-3f0f-b491e3e0b833,0,static,static,current,present,6,53,53,
memtraceb-6106afc1-kp0000-a61c7-current-present,6106afc1-6ad6-c821-3f0f-b491e3e0b833,0,static,static,current,present,7,61,61,
memtraceb-6106afc1-kp0026-a4c0-current-present,6106afc1-6ad6-c821-3f0f-b491e3e0b833,26,preference,preference,current,present,0,6,4,
memtraceb-6106afc1-kp0026-a12c1-current-present,6106afc1-6ad6-c821-3f0f-b491e3e0b833,26,preference,preference,current,present,1,14,12,
memtraceb-6106afc1-kp0026-a20c2-current-present,6106afc1-6ad6-c821-3f0f-b491e3e0b833,26,preference,preference,current,present,2,22,20,
memtraceb-6106afc1-kp0026-a28c3-current-present,6106afc1-6ad6-c821-3f0f-b491e3e0b833,26,preference,preference,current,present,3,30,28,
memtraceb-6106afc1-kp0026-a35c4-current-present,6106afc1-6ad6-c821-3f0f-b491e3e0b833,26,preference,preference,current,present,4,37,35,
memtraceb-6106afc1-kp0026-a43c5-current-present,6106afc1-6ad6-c821-3f0f-b491e3e0b833,26,preference,preference,current,present,5,45,43,
memtraceb-6106afc1-kp0026-a51c6-current-present,6106afc1-6ad6-c821-3f0f-b491e3e0b833,26,preference,preference,current,present,6,53,51,
memtraceb-6106afc1-kp0026-a59c7-current-present,6106afc1-6ad6-c821-3f0f-b491e3e0b833,26,preference,preference,current,present,7,61,59,
memtraceb-6106afc1-kp0085-a3c0-current-present,6106afc1-6ad6-c821-3f0f-b491e3e0b833,85,dynamic,dynamic,current,present,0,6,3,item_stale
memtraceb-6106afc1-kp0085-a3c0-historical-present,6106afc1-6ad6-c821-3f0f-b491e3e0b833,85,dynamic,dynamic,historical,present,0,6,3,retrieval_error
memtraceb-6106afc1-kp0085-a3c0-trajectory-present,6106afc1-6ad6-c821-3f0f-b491e3e0b833,85,dynamic,dynamic,trajectory,present,0,6,3,granularity_error
memtraceb-6106afc1-kp0085-a3c0-current-contradicted,6106afc1-6ad6-c821-3f0f-b491e3e0b833,85,dynamic,conflict_distractor,current,contradicted,0,6,3,item_conflict
memtraceb-6106afc1-kp0085-a11c1-current-present,6106afc1-6ad6-c821-3f0f-b491e3e0b833,85,dynamic,dynamic,current,present,1,14,11,item_stale
memtraceb-6106afc1-kp0085-a11c1-historical-present,6106afc1-6ad6-c821-3f0f-b491e3e0b833,85,dynamic,dynamic,historical,present,1,14,11,retrieval_error
memtraceb-6106afc1-kp0085-a11c1-trajectory-present,6106afc1-6ad6-c821-3f0f-b491e3e0b833,85,dynamic,dynamic,trajectory,present,1,14,11,granularity_error
memtraceb-6106afc1-kp0085-a11c1-current-contradicted,6106afc1-6ad6-c821-3f0f-b491e3e0b833,85,dynamic,conflict_distractor,current,contradicted,1,14,11,item_conflict
memtraceb-6106afc1-kp0085-a19c2-current-present,6106afc1-6ad6-c821-3f0f-b491e3e0b833,85,dynamic,dynamic,current,present,2,22,19,item_stale
memtraceb-6106afc1-kp0085-a19c2-historical-present,6106afc1-6ad6-c821-3f0f-b491e3e0b833,85,dynamic,dynamic,historical,present,2,22,19,retrieval_error
memtraceb-6106afc1-kp0085-a19c2-trajectory-present,6106afc1-6ad6-c821-3f0f-b491e3e0b833,85,dynamic,dynamic,trajectory,present,2,22,19,granularity_error
memtraceb-6106afc1-kp0085-a19c2-current-contradicted,6106afc1-6ad6-c821-3f0f-b491e3e0b833,85,dynamic,conflict_distractor,current,contradicted,2,22,19,item_conflict
memtraceb-6106afc1-kp0085-a27c3-current-present,6106afc1-6ad6-c821-3f0f-b491e3e0b833,85,dynamic,dynamic,current,present,3,30,27,item_stale
memtraceb-6106afc1-kp0085-a27c3-historical-present,6106afc1-6ad6-c821-3f0f-b491e3e0b833,85,dynamic,dynamic,historical,present,3,30,27,retrieval_error
memtraceb-6106afc1-kp0085-a27c3-trajectory-present,6106afc1-6ad6-c821-3f0f-b491e3e0b833,85,dynamic,dynamic,trajectory,present,3,30,27,granularity_error
memtraceb-6106afc1-kp0085-a27c3-current-contradicted,6106afc1-6ad6-c821-3f0f-b491e3e0b833,85,dynamic,conflict_distractor,current,contradicted,3,30,27,item_conflict
memtraceb-6106afc1-kp0085-a34c4-current-present,6106afc1-6ad6-c821-3f0f-b491e3e0b833,85,dynamic,dynamic,current,present,4,37,34,item_stale
memtraceb-6106afc1-kp0085-a34c4-historical-present,6106afc1-6ad6-c821-3f0f-b491e3e0b833,85,dynamic,dynamic,historical,present,4,37,34,retrieval_error
memtraceb-6106afc1-kp0085-a34c4-trajectory-present,6106afc1-6ad6-c821-3f0f-b491e3e0b833,85,dynamic,dynamic,trajectory,present,4,37,34,granularity_error
memtraceb-6106afc1-kp0085-a34c4-current-contradicted,6106afc1-6ad6-c821-3f0f-b491e3e0b833,85,dynamic,conflict_distractor,current,contradicted,4,37,34,item_conflict
memtraceb-6106afc1-kp0085-a42c5-current-present,6106afc1-6ad6-c821-3f0f-b491e3e0b833,85,dynamic,dynamic,current,present,5,45,42,item_stale
memtraceb-6106afc1-kp0085-a42c5-historical-present,6106afc1-6ad6-c821-3f0f-b491e3e0b833,85,dynamic,dynamic,historical,present,5,45,42,retrieval_error
memtraceb-6106afc1-kp0085-a42c5-trajectory-present,6106afc1-6ad6-c821-3f0f-b491e3e0b833,85,dynamic,dynamic,trajectory,present,5,45,42,granularity_error
memtraceb-6106afc1-kp0085-a42c5-current-contradicted,6106afc1-6ad6-c821-3f0f-b491e3e0b833,85,dynamic,conflict_distractor,current,contradicted,5,45,42,item_conflict
memtraceb-6106afc1-kp0085-a50c6-current-present,6106afc1-6ad6-c821-3f0f-b491e3e0b833,85,dynamic,dynamic,current,present,6,53,50,item_stale
memtraceb-6106afc1-kp0085-a50c6-historical-present,6106afc1-6ad6-c821-3f0f-b491e3e0b833,85,dynamic,dynamic,historical,present,6,53,50,retrieval_error
memtraceb-6106afc1-kp0085-a50c6-trajectory-present,6106afc1-6ad6-c821-3f0f-b491e3e0b833,85,dynamic,dynamic,trajectory,present,6,53,50,granularity_error
memtraceb-6106afc1-kp0085-a50c6-current-contradicted,6106afc1-6ad6-c821-3f0f-b491e3e0b833,85,dynamic,conflict_distractor,current,contradicted,6,53,50,item_conflict
memtraceb-6106afc1-kp0085-a58c7-current-present,6106afc1-6ad6-c821-3f0f-b491e3e0b833,85,dynamic,dynamic,current,present,7,61,58,item_stale
memtraceb-6106afc1-kp0085-a58c7-historical-present,6106afc1-6ad6-c821-3f0f-b491e3e0b833,85,dynamic,dynamic,historical,present,7,61,58,retrieval_error
memtraceb-6106afc1-kp0085-a58c7-trajectory-present,6106afc1-6ad6-c821-3f0f-b491e3e0b833,85,dynamic,dynamic,trajectory,present,7,61,58,granularity_error
memtraceb-6106afc1-kp0085-a58c7-current-contradicted,6106afc1-6ad6-c821-3f0f-b491e3e0b833,85,dynamic,conflict_distractor,current,contradicted,7,61,58,item_conflict
memtraceb-6106afc1-kp0177-a0c1-current-present,6106afc1-6ad6-c821-3f0f-b491e3e0b833,177,preference,preference,current,present,1,14,0,
memtraceb-6106afc1-kp0177-a8c2-current-present,6106afc1-6ad6-c821-3f0f-b491e3e0b833,177,preference,preference,current,present,2,22,8,
memtraceb-6106afc1-kp0177-a16c3-current-present,6106afc1-6ad6-c821-3f0f-b491e3e0b833,177,preference,preference,current,present,3,30,16,
memtraceb-6106afc1-kp0177-a23c4-current-present,6106afc1-6ad6-c821-3f0f-b491e3e0b833,177,preference,preference,current,present,4,37,23,
memtraceb-6106afc1-kp0177-a31c5-current-present,6106afc1-6ad6-c821-3f0f-b491e3e0b833,177,preference,preference,current,present,5,45,31,
memtraceb-6106afc1-kp0177-a39c6-current-present,6106afc1-6ad6-c821-3f0f-b491e3e0b833,177,preference,preference,current,present,6,53,39,
memtraceb-6106afc1-kp0177-a47c7-current-present,6106afc1-6ad6-c821-3f0f-b491e3e0b833,177,preference,preference,current,present,7,61,47,
memtraceb-6106afc1-kp0277-a2c3-current-present,6106afc1-6ad6-c821-3f0f-b491e3e0b833,277,static,static,current,present,3,30,2,
memtraceb-6106afc1-kp0277-a9c4-current-present,6106afc1-6ad6-c821-3f0f-b491e3e0b833,277,static,static,current,present,4,37,9,
memtraceb-6106afc1-kp0277-a17c5-current-present,6106afc1-6ad6-c821-3f0f-b491e3e0b833,277,static,static,current,present,5,45,17,
memtraceb-6106afc1-kp0277-a25c6-current-present,6106afc1-6ad6-c821-3f0f-b491e3e0b833,277,static,static,current,present,6,53,25,
memtraceb-6106afc1-kp0277-a33c7-current-present,6106afc1-6ad6-c821-3f0f-b491e3e0b833,277,static,static,current,present,7,61,33,
memtraceb-6106afc1-kp0325-a3c4-current-present,6106afc1-6ad6-c821-3f0f-b491e3e0b833,325,dynamic,dynamic,current,present,4,37,3,item_stale
memtraceb-6106afc1-kp0325-a3c4-historical-present,6106afc1-6ad6-c821-3f0f-b491e3e0b833,325,dynamic,dynamic,historical,present,4,37,3,retrieval_error
memtraceb-6106afc1-kp0325-a3c4-trajectory-present,6106afc1-6ad6-c821-3f0f-b491e3e0b833,325,dynamic,dynamic,trajectory,present,4,37,3,granularity_error
memtraceb-6106afc1-kp0325-a3c4-current-contradicted,6106afc1-6ad6-c821-3f0f-b491e3e0b833,325,dynamic,conflict_distractor,current,contradicted,4,37,3,item_conflict
memtraceb-6106afc1-kp0325-a11c5-current-present,6106afc1-6ad6-c821-3f0f-b491e3e0b833,325,dynamic,dynamic,current,present,5,45,11,item_stale
memtraceb-6106afc1-kp0325-a11c5-historical-present,6106afc1-6ad6-c821-3f0f-b491e3e0b833,325,dynamic,dynamic,historical,present,5,45,11,retrieval_error
memtraceb-6106afc1-kp0325-a11c5-trajectory-present,6106afc1-6ad6-c821-3f0f-b491e3e0b833,325,dynamic,dynamic,trajectory,present,5,45,11,granularity_error
memtraceb-6106afc1-kp0325-a11c5-current-contradicted,6106afc1-6ad6-c821-3f0f-b491e3e0b833,325,dynamic,conflict_distractor,current,contradicted,5,45,11,item_conflict
memtraceb-6106afc1-kp0325-a19c6-current-present,6106afc1-6ad6-c821-3f0f-b491e3e0b833,325,dynamic,dynamic,current,present,6,53,19,item_stale
memtraceb-6106afc1-kp0325-a19c6-historical-present,6106afc1-6ad6-c821-3f0f-b491e3e0b833,325,dynamic,dynamic,historical,present,6,53,19,retrieval_error
memtraceb-6106afc1-kp0325-a19c6-trajectory-present,6106afc1-6ad6-c821-3f0f-b491e3e0b833,325,dynamic,dynamic,trajectory,present,6,53,19,granularity_error
memtraceb-6106afc1-kp0325-a19c6-current-contradicted,6106afc1-6ad6-c821-3f0f-b491e3e0b833,325,dynamic,conflict_distractor,current,contradicted,6,53,19,item_conflict
memtraceb-6106afc1-kp0325-a27c7-current-present,6106afc1-6ad6-c821-3f0f-b491e3e0b833,325,dynamic,dynamic,current,present,7,61,27,item_stale
memtraceb-6106afc1-kp0325-a27c7-historical-present,6106afc1-6ad6-c821-3f0f-b491e3e0b833,325,dynamic,dynamic,historical,present,7,61,27,retrieval_error
memtraceb-6106afc1-kp0325-a27c7-trajectory-present,6106afc1-6ad6-c821-3f0f-b491e3e0b833,325,dynamic,dynamic,trajectory,present,7,61,27,granularity_error
memtraceb-6106afc1-kp0325-a27c7-current-contradicted,6106afc1-6ad6-c821-3f0f-b491e3e0b833,325,dynamic,conflict_distractor,current,contradicted,7,61,27,item_conflict
memtraceb-6106afc1-bdgamepreference-a6c0-current-missing,6106afc1-6ad6-c821-3f0f-b491e3e0b833,,boundary,boundary_distractor,current,missing,0,6,6,safety_error
memtraceb-6106afc1-bdgamepreference-a14c1-current-missing,6106afc1-6ad6-c821-3f0f-b491e3e0b833,,boundary,boundary_distractor,current,missing,1,14,14,safety_error
memtraceb-6106afc1-bdgamepreference-a22c2-current-missing,6106afc1-6ad6-c821-3f0f-b491e3e0b833,,boundary,boundary_distractor,current,missing,2,22,22,safety_error
memtraceb-6106afc1-bdgamepreference-a30c3-current-missing,6106afc1-6ad6-c821-3f0f-b491e3e0b833,,boundary,boundary_distractor,current,missing,3,30,30,safety_error
memtraceb-6106afc1-bdgamepreference-a37c4-current-missing,6106afc1-6ad6-c821-3f0f-b491e3e0b833,,boundary,boundary_distractor,current,missing,4,37,37,safety_error
memtraceb-6106afc1-bdgamepreference-a45c5-current-missing,6106afc1-6ad6-c821-3f0f-b491e3e0b833,,boundary,boundary_distractor,current,missing,5,45,45,safety_error
memtraceb-6106afc1-bdgamepreference-a53c6-current-missing,6106afc1-6ad6-c821-3f0f-b491e3e0b833,,boundary,boundary_distractor,current,missing,6,53,53,safety_error
memtraceb-6106afc1-bdgamepreference-a61c7-current-missing,6106afc1-6ad6-c821-3f0f-b491e3e0b833,,boundary,boundary_distractor,current,missing,7,61,61,safety_error
memtraceb-6106afc1-bdmoviepreference-a6c0-current-missing,6106afc1-6ad6-c821-3f0f-b491e3e0b833,,boundary,boundary_distractor,current,missing,0,6,6,safety_error
memtraceb-6106afc1-bdmoviepreference-a14c1-current-missing,6106afc1-6ad6-c821-3f0f-b491e3e0b833,,boundary,boundary_distractor,current,missing,1,14,14,safety_error
memtraceb-6106afc1-bdmoviepreference-a22c2-current-missing,6106afc1-6ad6-c821-3f0f-b491e3e0b833,,boundary,boundary_distractor,current,missing,2,22,22,safety_error
memtraceb-6106afc1-bdmoviepreference-a30c3-current-missing,6106afc1-6ad6-c821-3f0f-b491e3e0b833,,boundary,boundary_distractor,current,missing,3,30,30,safety_error
memtraceb-6106afc1-bdmoviepreference-a37c4-current-missing,6106afc1-6ad6-c821-3f0f-b491e3e0b833,,boundary,boundary_distractor,current,missing,4,37,37,safety_error
memtraceb-6106afc1-bdmoviepreference-a45c5-current-missing,6106afc1-6ad6-c821-3f0f-b491e3e0b833,,boundary,boundary_distractor,current,missing,5,45,45,safety_error
memtraceb-6106afc1-bdmoviepreference-a53c6-current-missing,6106afc1-6ad6-c821-3f0f-b491e3e0b833,,boundary,boundary_distractor,current,missing,6,53,53,safety_error
memtraceb-6106afc1-bdmoviepreference-a61c7-current-missing,6106afc1-6ad6-c821-3f0f-b491e3e0b833,,boundary,boundary_distractor,current,missing,7,61,61,safety_error
memtraceb-6106afc1-bdpetpreference-a6c0-current-missing,6106afc1-6ad6-c821-3f0f-b491e3e0b833,,boundary,boundary_distractor,current,missing,0,6,6,safety_error
memtraceb-6106afc1-bdpetpreference-a14c1-current-missing,6106afc1-6ad6-c821-3f0f-b491e3e0b833,,boundary,boundary_distractor,current,missing,1,14,14,safety_error
memtraceb-6106afc1-bdpetpreference-a22c2-current-missing,6106afc1-6ad6-c821-3f0f-b491e3e0b833,,boundary,boundary_distractor,current,missing,2,22,22,safety_error
memtraceb-6106afc1-bdpetpreference-a30c3-current-missing,6106afc1-6ad6-c821-3f0f-b491e3e0b833,,boundary,boundary_distractor,current,missing,3,30,30,safety_error
memtraceb-6106afc1-bdpetpreference-a37c4-current-missing,6106afc1-6ad6-c821-3f0f-b491e3e0b833,,boundary,boundary_distractor,current,missing,4,37,37,safety_error
memtraceb-6106afc1-bdpetpreference-a45c5-current-missing,6106afc1-6ad6-c821-3f0f-b491e3e0b833,,boundary,boundary_distractor,current,missing,5,45,45,safety_error
memtraceb-6106afc1-bdpetpreference-a53c6-current-missing,6106afc1-6ad6-c821-3f0f-b491e3e0b833,,boundary,boundary_distractor,current,missing,6,53,53,safety_error
memtraceb-6106afc1-bdpetpreference-a61c7-current-missing,6106afc1-6ad6-c821-3f0f-b491e3e0b833,,boundary,boundary_distractor,current,missing,7,61,61,safety_error
memtraceb-5c005ed8-kp0000-a8c0-current-present,5c005ed8-0d18-99f8-a20e-6a776a7ea30a,0,static,static,current,present,0,8,8,
memtraceb-5c005ed8-kp0000-a17c1-current-present,5c005ed8-0d18-99f8-a20e-6a776a7ea30a,0,static,static,current,present,1,17,17,
memtraceb-5c005ed8-kp0000-a26c2-current-present,5c005ed8-0d18-99f8-a20e-6a776a7ea30a,0,static,static,current,present,2,26,26,
memtraceb-5c005ed8-kp0000-a35c3-current-present,5c005ed8-0d18-99f8-a20e-6a776a7ea30a,0,static,static,current,present,3,35,35,
memtraceb-5c005ed8-kp0000-a44c4-current-present,5c005ed8-0d18-99f8-a20e-6a776a7ea30a,0,static,static,current,present,4,44,44,
memtraceb-5c005ed8-kp0000-a53c5-current-present,5c005ed8-0d18-99f8-a20e-6a776a7ea30a,0,static,static,current,present,5,53,53,
memtraceb-5c005ed8-kp0000-a62c6-current-present,5c005ed8-0d18-99f8-a20e-6a776a7ea30a,0,static,static,current,present,6,62,62,
memtraceb-5c005ed8-kp0000-a72c7-current-present,5c005ed8-0d18-99f8-a20e-6a776a7ea30a,0,static,static,current,present,7,72,72,
memtraceb-5c005ed8-kp0027-a6c0-current-present,5c005ed8-0d18-99f8-a20e-6a776a7ea30a,27,preference,preference,current,present,0,8,6,
memtraceb-5c005ed8-kp0027-a15c1-current-present,5c005ed8-0d18-99f8-a20e-6a776a7ea30a,27,preference,preference,current,present,1,17,15,
memtraceb-5c005ed8-kp0027-a24c2-current-present,5c005ed8-0d18-99f8-a20e-6a776a7ea30a,27,preference,preference,current,present,2,26,24,
memtraceb-5c005ed8-kp0027-a33c3-current-present,5c005ed8-0d18-99f8-a20e-6a776a7ea30a,27,preference,preference,current,present,3,35,33,
memtraceb-5c005ed8-kp0027-a42c4-current-present,5c005ed8-0d18-99f8-a20e-6a776a7ea30a,27,preference,preference,current,present,4,44,42,
memtraceb-5c005ed8-kp0027-a51c5-current-present,5c005ed8-0d18-99f8-a20e-6a776a7ea30a,27,preference,preference,current,present,5,53,51,
memtraceb-5c005ed8-kp0027-a60c6-current-present,5c005ed8-0d18-99f8-a20e-6a776a7ea30a,27,preference,preference,current,present,6,62,60,
memtraceb-5c005ed8-kp0027-a70c7-current-present,5c005ed8-0d18-99f8-a20e-6a776a7ea30a,27,preference,preference,current,present,7,72,70,
memtraceb-5c005ed8-kp0088-a5c0-current-present,5c005ed8-0d18-99f8-a20e-6a776a7ea30a,88,dynamic,dynamic,current,present,0,8,5,item_stale
memtraceb-5c005ed8-kp0088-a5c0-historical-present,5c005ed8-0d18-99f8-a20e-6a776a7ea30a,88,dynamic,dynamic,historical,present,0,8,5,retrieval_error
memtraceb-5c005ed8-kp0088-a5c0-trajectory-present,5c005ed8-0d18-99f8-a20e-6a776a7ea30a,88,dynamic,dynamic,trajectory,present,0,8,5,granularity_error
memtraceb-5c005ed8-kp0088-a5c0-current-contradicted,5c005ed8-0d18-99f8-a20e-6a776a7ea30a,88,dynamic,conflict_distractor,current,contradicted,0,8,5,item_conflict
memtraceb-5c005ed8-kp0088-a14c1-current-present,5c005ed8-0d18-99f8-a20e-6a776a7ea30a,88,dynamic,dynamic,current,present,1,17,14,item_stale
memtraceb-5c005ed8-kp0088-a14c1-historical-present,5c005ed8-0d18-99f8-a20e-6a776a7ea30a,88,dynamic,dynamic,historical,present,1,17,14,retrieval_error
memtraceb-5c005ed8-kp0088-a14c1-trajectory-present,5c005ed8-0d18-99f8-a20e-6a776a7ea30a,88,dynamic,dynamic,trajectory,present,1,17,14,granularity_error
memtraceb-5c005ed8-kp0088-a14c1-current-contradicted,5c005ed8-0d18-99f8-a20e-6a776a7ea30a,88,dynamic,conflict_distractor,current,contradicted,1,17,14,item_conflict
memtraceb-5c005ed8-kp0088-a23c2-current-present,5c005ed8-0d18-99f8-a20e-6a776a7ea30a,88,dynamic,dynamic,current,present,2,26,23,item_stale
memtraceb-5c005ed8-kp0088-a23c2-historical-present,5c005ed8-0d18-99f8-a20e-6a776a7ea30a,88,dynamic,dynamic,historical,present,2,26,23,retrieval_error
memtraceb-5c005ed8-kp0088-a23c2-trajectory-present,5c005ed8-0d18-99f8-a20e-6a776a7ea30a,88,dynamic,dynamic,trajectory,present,2,26,23,granularity_error
memtraceb-5c005ed8-kp0088-a23c2-current-contradicted,5c005ed8-0d18-99f8-a20e-6a776a7ea30a,88,dynamic,conflict_distractor,current,contradicted,2,26,23,item_conflict
memtraceb-5c005ed8-kp0088-a32c3-current-present,5c005ed8-0d18-99f8-a20e-6a776a7ea30a,88,dynamic,dynamic,current,present,3,35,32,item_stale
memtraceb-5c005ed8-kp0088-a32c3-historical-present,5c005ed8-0d18-99f8-a20e-6a776a7ea30a,88,dynamic,dynamic,historical,present,3,35,32,retrieval_error
memtraceb-5c005ed8-kp0088-a32c3-trajectory-present,5c005ed8-0d18-99f8-a20e-6a776a7ea30a,88,dynamic,dynamic,trajectory,present,3,35,32,granularity_error
memtraceb-5c005ed8-kp0088-a32c3-current-contradicted,5c005ed8-0d18-99f8-a20e-6a776a7ea30a,88,dynamic,conflict_distractor,current,contradicted,3,35,32,item_conflict
memtraceb-5c005ed8-kp0088-a41c4-current-present,5c005ed8-0d18-99f8-a20e-6a776a7ea30a,88,dynamic,dynamic,current,present,4,44,41,item_stale
memtraceb-5c005ed8-kp0088-a41c4-historical-present,5c005ed8-0d18-99f8-a20e-6a776a7ea30a,88,dynamic,dynamic,historical,present,4,44,41,retrieval_error
memtraceb-5c005ed8-kp0088-a41c4-trajectory-present,5c005ed8-0d18-99f8-a20e-6a776a7ea30a,88,dynamic,dynamic,trajectory,present,4,44,41,granularity_error
memtraceb-5c005ed8-kp0088-a41c4-current-contradicted,5c005ed8-0d18-99f8-a20e-6a776a7ea30a,88,dynamic,conflict_distractor,current,contradicted,4,44,41,item_conflict
memtraceb-5c005ed8-kp0088-a50c5-current-present,5c005ed8-0d18-99f8-a20e-6a776a7ea30a,88,dynamic,dynamic,current,present,5,53,50,item_stale
memtraceb-5c005ed8-kp0088-a50c5-historical-present,5c005ed8-0d18-99f8-a20e-6a776a7ea30a,88,dynamic,dynamic,historical,present,5,53,50,retrieval_error
memtraceb-5c005ed8-kp0088-a50c5-trajectory-present,5c005ed8-0d18-99f8-a20e-6a776a7ea30a,88,dynamic,dynamic,trajectory,present,5,53,50,granularity_error
memtraceb-5c005ed8-kp0088-a50c5-current-contradicted,5c005ed8-0d18-99f8-a20e-6a776a7ea30a,88,dynamic,conflict_distractor,current,contradicted,5,53,50,item_conflict
memtraceb-5c005ed8-kp0088-a59c6-current-present,5c005ed8-0d18-99f8-a20e-6a776a7ea30a,88,dynamic,dynamic,current,present,6,62,59,item_stale
memtraceb-5c005ed8-kp0088-a59c6-historical-present,5c005ed8-0d18-99f8-a20e-6a776a7ea30a,88,dynamic,dynamic,historical,present,6,62,59,retrieval_error
memtraceb-5c005ed8-kp0088-a59c6-trajectory-present,5c005ed8-0d18-99f8-a20e-6a776a7ea30a,88,dynamic,dynamic,trajectory,present,6,62,59,granularity_error
memtraceb-5c005ed8-kp0088-a59c6-current-contradicted,5c005ed8-0d18-99f8-a20e-6a776a7ea30a,88,dynamic,conflict_distractor,current,contradicted,6,62,59,item_conflict
memtraceb-5c005ed8-kp0088-a69c7-current-present,5c005ed8-0d18-99f8-a20e-6a776a7ea30a,88,dynamic,dynamic,current,present,7,72,69,item_stale
memtraceb-5c005ed8-kp0088-a69c7-historical-present,5c005ed8-0d18-99f8-a20e-6a776a7ea30a,88,dynamic,dynamic,historical,present,7,72,69,retrieval_error
memtraceb-5c005ed8-kp0088-a69c7-trajectory-present,5c005ed8-0d18-99f8-a20e-6a776a7ea30a,88,dynamic,dynamic,trajectory,present,7,72,69,granularity_error
memtraceb-5c005ed8-kp0088-a69c7-current-contradicted,5c005ed8-0d18-99f8-a20e-6a776a7ea30a,88,dynamic,conflict_distractor,current,contradicted,7,72,69,item_conflict
memtraceb-5c005ed8-kp0281-a0c2-current-present,5c005ed8-0d18-99f8-a20e-6a776a7ea30a,281,preference,preference,current,present,2,26,0,
memtraceb-5c005ed8-kp0281-a9c3-current-present,5c005ed8-0d18-99f8-a20e-6a776a7ea30a,281,preference,preference,current,present,3,35,9,
memtraceb-5c005ed8-kp0281-a18c4-current-present,5c005ed8-0d18-99f8-a20e-6a776a7ea30a,281,preference,preference,current,present,4,44,18,
memtraceb-5c005ed8-kp0281-a27c5-current-present,5c005ed8-0d18-99f8-a20e-6a776a7ea30a,281,preference,preference,current,present,5,53,27,
memtraceb-5c005ed8-kp0281-a36c6-current-present,5c005ed8-0d18-99f8-a20e-6a776a7ea30a,281,preference,preference,current,present,6,62,36,
memtraceb-5c005ed8-kp0281-a46c7-current-present,5c005ed8-0d18-99f8-a20e-6a776a7ea30a,281,preference,preference,current,present,7,72,46,
memtraceb-5c005ed8-kp0320-a4c3-current-present,5c005ed8-0d18-99f8-a20e-6a776a7ea30a,320,static,static,current,present,3,35,4,
memtraceb-5c005ed8-kp0320-a13c4-current-present,5c005ed8-0d18-99f8-a20e-6a776a7ea30a,320,static,static,current,present,4,44,13,
memtraceb-5c005ed8-kp0320-a22c5-current-present,5c005ed8-0d18-99f8-a20e-6a776a7ea30a,320,static,static,current,present,5,53,22,
memtraceb-5c005ed8-kp0320-a31c6-current-present,5c005ed8-0d18-99f8-a20e-6a776a7ea30a,320,static,static,current,present,6,62,31,
memtraceb-5c005ed8-kp0320-a41c7-current-present,5c005ed8-0d18-99f8-a20e-6a776a7ea30a,320,static,static,current,present,7,72,41,
memtraceb-5c005ed8-kp0369-a7c4-current-present,5c005ed8-0d18-99f8-a20e-6a776a7ea30a,369,dynamic,dynamic,current,present,4,44,7,item_stale
memtraceb-5c005ed8-kp0369-a7c4-historical-present,5c005ed8-0d18-99f8-a20e-6a776a7ea30a,369,dynamic,dynamic,historical,present,4,44,7,retrieval_error
memtraceb-5c005ed8-kp0369-a7c4-trajectory-present,5c005ed8-0d18-99f8-a20e-6a776a7ea30a,369,dynamic,dynamic,trajectory,present,4,44,7,granularity_error
memtraceb-5c005ed8-kp0369-a7c4-current-contradicted,5c005ed8-0d18-99f8-a20e-6a776a7ea30a,369,dynamic,conflict_distractor,current,contradicted,4,44,7,item_conflict
memtraceb-5c005ed8-kp0369-a16c5-current-present,5c005ed8-0d18-99f8-a20e-6a776a7ea30a,369,dynamic,dynamic,current,present,5,53,16,item_stale
memtraceb-5c005ed8-kp0369-a16c5-historical-present,5c005ed8-0d18-99f8-a20e-6a776a7ea30a,369,dynamic,dynamic,historical,present,5,53,16,retrieval_error
memtraceb-5c005ed8-kp0369-a16c5-trajectory-present,5c005ed8-0d18-99f8-a20e-6a776a7ea30a,369,dynamic,dynamic,trajectory,present,5,53,16,granularity_error
memtraceb-5c005ed8-kp0369-a16c5-current-contradicted,5c005ed8-0d18-99f8-a20e-6a776a7ea30a,369,dynamic,conflict_distractor,current,contradicted,5,53,16,item_conflict
memtraceb-5c005ed8-kp0369-a25c6-current-present,5c005ed8-0d18-99f8-a20e-6a776a7ea30a,369,dynamic,dynamic,current,present,6,62,25,item_stale
memtraceb-5c005ed8-kp0369-a25c6-historical-present,5c005ed8-0d18-99f8-a20e-6a776a7ea30a,369,dynamic,dynamic,historical,present,6,62,25,retrieval_error
memtraceb-5c005ed8-kp0369-a25c6-trajectory-present,5c005ed8-0d18-99f8-a20e-6a776a7ea30a,369,dynamic,dynamic,trajectory,present,6,62,25,granularity_error
memtraceb-5c005ed8-kp0369-a25c6-current-contradicted,5c005ed8-0d18-99f8-a20e-6a776a7ea30a,369,dynamic,conflict_distractor,current,contradicted,6,62,25,item_conflict
memtraceb-5c005ed8-kp0369-a35c7-current-present,5c005ed8-0d18-99f8-a20e-6a776a7ea30a,369,dynamic,dynamic,current,present,7,72,35,item_stale
memtraceb-5c005ed8-kp0369-a35c7-historical-present,5c005ed8-0d18-99f8-a20e-6a776a7ea30a,369,dynamic,dynamic,historical,present,7,72,35,retrieval_error
memtraceb-5c005ed8-kp0369-a35c7-trajectory-present,5c005ed8-0d18-99f8-a20e-6a776a7ea30a,369,dynamic,dynamic,trajectory,present,7,72,35,granularity_error
memtraceb-5c005ed8-kp0369-a35c7-current-contradicted,5c005ed8-0d18-99f8-a20e-6a776a7ea30a,369,dynamic,conflict_distractor,current,contradicted,7,72,35,item_conflict
memtraceb-5c005ed8-bdpetpreference-a8c0-current-missing,5c005ed8-0d18-99f8-a20e-6a776a7ea30a,,boundary,boundary_distractor,current,missing,0,8,8,safety_error
memtraceb-5c005ed8-bdpetpreference-a17c1-current-missing,5c005ed8-0d18-99f8-a20e-6a776a7ea30a,,boundary,boundary_distractor,current,missing,1,17,17,safety_error
memtraceb-5c005ed8-bdpetpreference-a26c2-current-missing,5c005ed8-0d18-99f8-a20e-6a776a7ea30a,,boundary,boundary_distractor,current,missing,2,26,26,safety_error
memtraceb-5c005ed8-bdpetpreference-a35c3-current-missing,5c005ed8-0d18-99f8-a20e-6a776a7ea30a,,boundary,boundary_distractor,current,missing,3,35,35,safety_error
memtraceb-5c005ed8-bdpetpreference-a44c4-current-missing,5c005ed8-0d18-99f8-a20e-6a776a7ea30a,,boundary,boundary_distractor,current,missing,4,44,44,safety_error
memtraceb-5c005ed8-bdpetpreference-a53c5-current-missing,5c005ed8-0d18-99f8-a20e-6a776a7ea30a,,boundary,boundary_distractor,current,missing,5,53,53,safety_error
memtraceb-5c005ed8-bdpetpreference-a62c6-current-missing,5c005ed8-0d18-99f8-a20e-6a776a7ea30a,,boundary,boundary_distractor,current,missing,6,62,62,safety_error
memtraceb-5c005ed8-bdpetpreference-a72c7-current-missing,5c005ed8-0d18-99f8-a20e-6a776a7ea30a,,boundary,boundary_distractor,current,missing,7,72,72,safety_error
memtraceb-5c005ed8-bdsportspreference-a8c0-current-missing,5c005ed8-0d18-99f8-a20e-6a776a7ea30a,,boundary,boundary_distractor,current,missing,0,8,8,safety_error
memtraceb-5c005ed8-bdsportspreference-a17c1-current-missing,5c005ed8-0d18-99f8-a20e-6a776a7ea30a,,boundary,boundary_distractor,current,missing,1,17,17,safety_error
memtraceb-5c005ed8-bdsportspreference-a26c2-current-missing,5c005ed8-0d18-99f8-a20e-6a776a7ea30a,,boundary,boundary_distractor,current,missing,2,26,26,safety_error
memtraceb-5c005ed8-bdsportspreference-a35c3-current-missing,5c005ed8-0d18-99f8-a20e-6a776a7ea30a,,boundary,boundary_distractor,current,missing,3,35,35,safety_error
memtraceb-5c005ed8-bdsportspreference-a44c4-current-missing,5c005ed8-0d18-99f8-a20e-6a776a7ea30a,,boundary,boundary_distractor,current,missing,4,44,44,safety_error
memtraceb-5c005ed8-bdsportspreference-a53c5-current-missing,5c005ed8-0d18-99f8-a20e-6a776a7ea30a,,boundary,boundary_distractor,current,missing,5,53,53,safety_error
memtraceb-5c005ed8-bdsportspreference-a62c6-current-missing,5c005ed8-0d18-99f8-a20e-6a776a7ea30a,,boundary,boundary_distractor,current,missing,6,62,62,safety_error
memtraceb-5c005ed8-bdsportspreference-a72c7-current-missing,5c005ed8-0d18-99f8-a20e-6a776a7ea30a,,boundary,boundary_distractor,current,missing,7,72,72,safety_error
memtraceb-5c005ed8-bdtravelpreference-a8c0-current-missing,5c005ed8-0d18-99f8-a20e-6a776a7ea30a,,boundary,boundary_distractor,current,missing,0,8,8,safety_error
memtraceb-5c005ed8-bdtravelpreference-a17c1-current-missing,5c005ed8-0d18-99f8-a20e-6a776a7ea30a,,boundary,boundary_distractor,current,missing,1,17,17,safety_error
memtraceb-5c005ed8-bdtravelpreference-a26c2-current-missing,5c005ed8-0d18-99f8-a20e-6a776a7ea30a,,boundary,boundary_distractor,current,missing,2,26,26,safety_error
memtraceb-5c005ed8-bdtravelpreference-a35c3-current-missing,5c005ed8-0d18-99f8-a20e-6a776a7ea30a,,boundary,boundary_distractor,current,missing,3,35,35,safety_error
memtraceb-5c005ed8-bdtravelpreference-a44c4-current-missing,5c005ed8-0d18-99f8-a20e-6a776a7ea30a,,boundary,boundary_distractor,current,missing,4,44,44,safety_error
memtraceb-5c005ed8-bdtravelpreference-a53c5-current-missing,5c005ed8-0d18-99f8-a20e-6a776a7ea30a,,boundary,boundary_distractor,current,missing,5,53,53,safety_error
memtraceb-5c005ed8-bdtravelpreference-a62c6-current-missing,5c005ed8-0d18-99f8-a20e-6a776a7ea30a,,boundary,boundary_distractor,current,missing,6,62,62,safety_error
memtraceb-5c005ed8-bdtravelpreference-a72c7-current-missing,5c005ed8-0d18-99f8-a20e-6a776a7ea30a,,boundary,boundary_distractor,current,missing,7,72,72,safety_error
memtraceb-ed9b924b-kp0000-a7c0-current-present,ed9b924b-6bc0-67f9-67a1-a36401dd1782,0,static,static,current,present,0,7,7,
memtraceb-ed9b924b-kp0000-a15c1-current-present,ed9b924b-6bc0-67f9-67a1-a36401dd1782,0,static,static,current,present,1,15,15,
memtraceb-ed9b924b-kp0000-a23c2-current-present,ed9b924b-6bc0-67f9-67a1-a36401dd1782,0,static,static,current,present,2,23,23,
memtraceb-ed9b924b-kp0000-a32c3-current-present,ed9b924b-6bc0-67f9-67a1-a36401dd1782,0,static,static,current,present,3,32,32,
memtraceb-ed9b924b-kp0000-a40c4-current-present,ed9b924b-6bc0-67f9-67a1-a36401dd1782,0,static,static,current,present,4,40,40,
memtraceb-ed9b924b-kp0000-a48c5-current-present,ed9b924b-6bc0-67f9-67a1-a36401dd1782,0,static,static,current,present,5,48,48,
memtraceb-ed9b924b-kp0000-a56c6-current-present,ed9b924b-6bc0-67f9-67a1-a36401dd1782,0,static,static,current,present,6,56,56,
memtraceb-ed9b924b-kp0000-a65c7-current-present,ed9b924b-6bc0-67f9-67a1-a36401dd1782,0,static,static,current,present,7,65,65,
memtraceb-ed9b924b-kp0006-a7c0-current-present,ed9b924b-6bc0-67f9-67a1-a36401dd1782,6,preference,preference,current,present,0,7,7,
memtraceb-ed9b924b-kp0006-a15c1-current-present,ed9b924b-6bc0-67f9-67a1-a36401dd1782,6,preference,preference,current,present,1,15,15,
memtraceb-ed9b924b-kp0006-a23c2-current-present,ed9b924b-6bc0-67f9-67a1-a36401dd1782,6,preference,preference,current,present,2,23,23,
memtraceb-ed9b924b-kp0006-a32c3-current-present,ed9b924b-6bc0-67f9-67a1-a36401dd1782,6,preference,preference,current,present,3,32,32,
memtraceb-ed9b924b-kp0006-a40c4-current-present,ed9b924b-6bc0-67f9-67a1-a36401dd1782,6,preference,preference,current,present,4,40,40,
memtraceb-ed9b924b-kp0006-a48c5-current-present,ed9b924b-6bc0-67f9-67a1-a36401dd1782,6,preference,preference,current,present,5,48,48,
memtraceb-ed9b924b-kp0006-a56c6-current-present,ed9b924b-6bc0-67f9-67a1-a36401dd1782,6,preference,preference,current,present,6,56,56,
memtraceb-ed9b924b-kp0006-a65c7-current-present,ed9b924b-6bc0-67f9-67a1-a36401dd1782,6,preference,preference,current,present,7,65,65,
memtraceb-ed9b924b-kp0078-a4c0-current-present,ed9b924b-6bc0-67f9-67a1-a36401dd1782,78,dynamic,dynamic,current,present,0,7,4,item_stale
memtraceb-ed9b924b-kp0078-a4c0-historical-present,ed9b924b-6bc0-67f9-67a1-a36401dd1782,78,dynamic,dynamic,historical,present,0,7,4,retrieval_error
memtraceb-ed9b924b-kp0078-a4c0-trajectory-present,ed9b924b-6bc0-67f9-67a1-a36401dd1782,78,dynamic,dynamic,trajectory,present,0,7,4,granularity_error
memtraceb-ed9b924b-kp0078-a4c0-current-contradicted,ed9b924b-6bc0-67f9-67a1-a36401dd1782,78,dynamic,conflict_distractor,current,contradicted,0,7,4,item_conflict
memtraceb-ed9b924b-kp0078-a12c1-current-present,ed9b924b-6bc0-67f9-67a1-a36401dd1782,78,dynamic,dynamic,current,present,1,15,12,item_stale
memtraceb-ed9b924b-kp0078-a12c1-historical-present,ed9b924b-6bc0-67f9-67a1-a36401dd1782,78,dynamic,dynamic,historical,present,1,15,12,retrieval_error
memtraceb-ed9b924b-kp0078-a12c1-trajectory-present,ed9b924b-6bc0-67f9-67a1-a36401dd1782,78,dynamic,dynamic,trajectory,present,1,15,12,granularity_error
memtraceb-ed9b924b-kp0078-a12c1-current-contradicted,ed9b924b-6bc0-67f9-67a1-a36401dd1782,78,dynamic,conflict_distractor,current,contradicted,1,15,12,item_conflict
memtraceb-ed9b924b-kp0078-a20c2-current-present,ed9b924b-6bc0-67f9-67a1-a36401dd1782,78,dynamic,dynamic,current,present,2,23,20,item_stale
memtraceb-ed9b924b-kp0078-a20c2-historical-present,ed9b924b-6bc0-67f9-67a1-a36401dd1782,78,dynamic,dynamic,historical,present,2,23,20,retrieval_error
memtraceb-ed9b924b-kp0078-a20c2-trajectory-present,ed9b924b-6bc0-67f9-67a1-a36401dd1782,78,dynamic,dynamic,trajectory,present,2,23,20,granularity_error
memtraceb-ed9b924b-kp0078-a20c2-current-contradicted,ed9b924b-6bc0-67f9-67a1-a36401dd1782,78,dynamic,conflict_distractor,current,contradicted,2,23,20,item_conflict
memtraceb-ed9b924b-kp0078-a29c3-current-present,ed9b924b-6bc0-67f9-67a1-a36401dd1782,78,dynamic,dynamic,current,present,3,32,29,item_stale
memtraceb-ed9b924b-kp0078-a29c3-historical-present,ed9b924b-6bc0-67f9-67a1-a36401dd1782,78,dynamic,dynamic,historical,present,3,32,29,retrieval_error
memtraceb-ed9b924b-kp0078-a29c3-trajectory-present,ed9b924b-6bc0-67f9-67a1-a36401dd1782,78,dynamic,dynamic,trajectory,present,3,32,29,granularity_error
memtraceb-ed9b924b-kp0078-a29c3-current-contradicted,ed9b924b-6bc0-67f9-67a1-a36401dd1782,78,dynamic,conflict_distractor,current,contradicted,3,32,29,item_conflict
memtraceb-ed9b924b-kp0078-a37c4-current-present,ed9b924b-6bc0-67f9-67a1-a36401dd1782,78,dynamic,dynamic,current,present,4,40,37,item_stale
memtraceb-ed9b924b-kp0078-a37c4-historical-present,ed9b924b-6bc0-67f9-67a1-a36401dd1782,78,dynamic,dynamic,historical,present,4,40,37,retrieval_error
memtraceb-ed9b924b-kp0078-a37c4-trajectory-present,ed9b924b-6bc0-67f9-67a1-a36401dd1782,78,dynamic,dynamic,trajectory,present,4,40,37,granularity_error
memtraceb-ed9b924b-kp0078-a37c4-current-contradicted,ed9b924b-6bc0-67f9-67a1-a36401dd1782,78,dynamic,conflict_distractor,current,contradicted,4,40,37,item_conflict
memtraceb-ed9b924b-kp0078-a45c5-current-present,ed9b924b-6bc0-67f9-67a1-a36401dd1782,78,dynamic,dynamic,current,present,5,48,45,item_stale
memtraceb-ed9b924b-kp0078-a45c5-historical-present,ed9b924b-6bc0-67f9-67a1-a36401dd1782,78,dynamic,dynamic,historical,present,5,48,45,retrieval_error
memtraceb-ed9b924b-kp0078-a45c5-trajectory-present,ed9b924b-6bc0-67f9-67a1-a36401dd1782,78,dynamic,dynamic,trajectory,present,5,48,45,granularity_error
memtraceb-ed9b924b-kp0078-a45c5-current-contradicted,ed9b924b-6bc0-67f9-67a1-a36401dd1782,78,dynamic,conflict_distractor,current,contradicted,5,48,45,item_conflict
memtraceb-ed9b924b-kp0078-a53c6-current-present,ed9b924b-6bc0-67f9-67a1-a36401dd1782,78,dynamic,dynamic,current,present,6,56,53,item_stale
memtraceb-ed9b924b-kp0078-a53c6-historical-present,ed9b924b-6bc0-67f9-67a1-a36401dd1782,78,dynamic,dynamic,historical,present,6,56,53,retrieval_error
memtraceb-ed9b924b-kp0078-a53c6-trajectory-present,ed9b924b-6bc0-67f9-67a1-a36401dd1782,78,dynamic,dynamic,trajectory,present,6,56,53,granularity_error
memtraceb-ed9b924b-kp0078-a53c6-current-contradicted,ed9b924b-6bc0-67f9-67a1-a36401dd1782,78,dynamic,conflict_distractor,current,contradicted,6,56,53,item_conflict
memtraceb-ed9b924b-kp0078-a62c7-current-present,ed9b924b-6bc0-67f9-67a1-a36401dd1782,78,dynamic,dynamic,current,present,7,65,62,item_stale
memtraceb-ed9b924b-kp0078-a62c7-historical-present,ed9b924b-6bc0-67f9-67a1-a36401dd1782,78,dynamic,dynamic,historical,present,7,65,62,retrieval_error
memtraceb-ed9b924b-kp0078-a62c7-trajectory-present,ed9b924b-6bc0-67f9-67a1-a36401dd1782,78,dynamic,dynamic,trajectory,present,7,65,62,granularity_error
memtraceb-ed9b924b-kp0078-a62c7-current-contradicted,ed9b924b-6bc0-67f9-67a1-a36401dd1782,78,dynamic,conflict_distractor,current,contradicted,7,65,62,item_conflict
memtraceb-ed9b924b-kp0198-a6c2-current-present,ed9b924b-6bc0-67f9-67a1-a36401dd1782,198,preference,preference,current,present,2,23,6,
memtraceb-ed9b924b-kp0198-a15c3-current-present,ed9b924b-6bc0-67f9-67a1-a36401dd1782,198,preference,preference,current,present,3,32,15,
memtraceb-ed9b924b-kp0198-a23c4-current-present,ed9b924b-6bc0-67f9-67a1-a36401dd1782,198,preference,preference,current,present,4,40,23,
memtraceb-ed9b924b-kp0198-a31c5-current-present,ed9b924b-6bc0-67f9-67a1-a36401dd1782,198,preference,preference,current,present,5,48,31,
memtraceb-ed9b924b-kp0198-a39c6-current-present,ed9b924b-6bc0-67f9-67a1-a36401dd1782,198,preference,preference,current,present,6,56,39,
memtraceb-ed9b924b-kp0198-a48c7-current-present,ed9b924b-6bc0-67f9-67a1-a36401dd1782,198,preference,preference,current,present,7,65,48,
memtraceb-ed9b924b-kp0316-a1c3-current-present,ed9b924b-6bc0-67f9-67a1-a36401dd1782,316,static,static,current,present,3,32,1,
memtraceb-ed9b924b-kp0316-a9c4-current-present,ed9b924b-6bc0-67f9-67a1-a36401dd1782,316,static,static,current,present,4,40,9,
memtraceb-ed9b924b-kp0316-a17c5-current-present,ed9b924b-6bc0-67f9-67a1-a36401dd1782,316,static,static,current,present,5,48,17,
memtraceb-ed9b924b-kp0316-a25c6-current-present,ed9b924b-6bc0-67f9-67a1-a36401dd1782,316,static,static,current,present,6,56,25,
memtraceb-ed9b924b-kp0316-a34c7-current-present,ed9b924b-6bc0-67f9-67a1-a36401dd1782,316,static,static,current,present,7,65,34,
memtraceb-ed9b924b-kp0327-a7c4-current-present,ed9b924b-6bc0-67f9-67a1-a36401dd1782,327,dynamic,dynamic,current,present,4,40,7,item_stale
memtraceb-ed9b924b-kp0327-a7c4-historical-present,ed9b924b-6bc0-67f9-67a1-a36401dd1782,327,dynamic,dynamic,historical,present,4,40,7,retrieval_error
memtraceb-ed9b924b-kp0327-a7c4-trajectory-present,ed9b924b-6bc0-67f9-67a1-a36401dd1782,327,dynamic,dynamic,trajectory,present,4,40,7,granularity_error
memtraceb-ed9b924b-kp0327-a7c4-current-contradicted,ed9b924b-6bc0-67f9-67a1-a36401dd1782,327,dynamic,conflict_distractor,current,contradicted,4,40,7,item_conflict
memtraceb-ed9b924b-kp0327-a15c5-current-present,ed9b924b-6bc0-67f9-67a1-a36401dd1782,327,dynamic,dynamic,current,present,5,48,15,item_stale
memtraceb-ed9b924b-kp0327-a15c5-historical-present,ed9b924b-6bc0-67f9-67a1-a36401dd1782,327,dynamic,dynamic,historical,present,5,48,15,retrieval_error
memtraceb-ed9b924b-kp0327-a15c5-trajectory-present,ed9b924b-6bc0-67f9-67a1-a36401dd1782,327,dynamic,dynamic,trajectory,present,5,48,15,granularity_error
memtraceb-ed9b924b-kp0327-a15c5-current-contradicted,ed9b924b-6bc0-67f9-67a1-a36401dd1782,327,dynamic,conflict_distractor,current,contradicted,5,48,15,item_conflict
memtraceb-ed9b924b-kp0327-a23c6-current-present,ed9b924b-6bc0-67f9-67a1-a36401dd1782,327,dynamic,dynamic,current,present,6,56,23,item_stale
memtraceb-ed9b924b-kp0327-a23c6-historical-present,ed9b924b-6bc0-67f9-67a1-a36401dd1782,327,dynamic,dynamic,historical,present,6,56,23,retrieval_error
memtraceb-ed9b924b-kp0327-a23c6-trajectory-present,ed9b924b-6bc0-67f9-67a1-a36401dd1782,327,dynamic,dynamic,trajectory,present,6,56,23,granularity_error
memtraceb-ed9b924b-kp0327-a23c6-current-contradicted,ed9b924b-6bc0-67f9-67a1-a36401dd1782,327,dynamic,conflict_distractor,current,contradicted,6,56,23,item_conflict
memtraceb-ed9b924b-kp0327-a32c7-current-present,ed9b924b-6bc0-67f9-67a1-a36401dd1782,327,dynamic,dynamic,current,present,7,65,32,item_stale
memtraceb-ed9b924b-kp0327-a32c7-historical-present,ed9b924b-6bc0-67f9-67a1-a36401dd1782,327,dynamic,dynamic,historical,present,7,65,32,retrieval_error
memtraceb-ed9b924b-kp0327-a32c7-trajectory-present,ed9b924b-6bc0-67f9-67a1-a36401dd1782,327,dynamic,dynamic,trajectory,present,7,65,32,granularity_error
memtraceb-ed9b924b-kp0327-a32c7-current-contradicted,ed9b924b-6bc0-67f9-67a1-a36401dd1782,327,dynamic,conflict_distractor,current,contradicted,7,65,32,item_conflict
memtraceb-ed9b924b-bdclothingpreference-a7c0-current-missing,ed9b924b-6bc0-67f9-67a1-a36401dd1782,,boundary,boundary_distractor,current,missing,0,7,7,safety_error
memtraceb-ed9b924b-bdclothingpreference-a15c1-current-missing,ed9b924b-6bc0-67f9-67a1-a36401dd1782,,boundary,boundary_distractor,current,missing,1,15,15,safety_error
memtraceb-ed9b924b-bdclothingpreference-a23c2-current-missing,ed9b924b-6bc0-67f9-67a1-a36401dd1782,,boundary,boundary_distractor,current,missing,2,23,23,safety_error
memtraceb-ed9b924b-bdclothingpreference-a32c3-current-missing,ed9b924b-6bc0-67f9-67a1-a36401dd1782,,boundary,boundary_distractor,current,missing,3,32,32,safety_error
memtraceb-ed9b924b-bdclothingpreference-a40c4-current-missing,ed9b924b-6bc0-67f9-67a1-a36401dd1782,,boundary,boundary_distractor,current,missing,4,40,40,safety_error
memtraceb-ed9b924b-bdclothingpreference-a48c5-current-missing,ed9b924b-6bc0-67f9-67a1-a36401dd1782,,boundary,boundary_distractor,current,missing,5,48,48,safety_error
memtraceb-ed9b924b-bdclothingpreference-a56c6-current-missing,ed9b924b-6bc0-67f9-67a1-a36401dd1782,,boundary,boundary_distractor,current,missing,6,56,56,safety_error
memtraceb-ed9b924b-bdclothingpreference-a65c7-current-missing,ed9b924b-6bc0-67f9-67a1-a36401dd1782,,boundary,boundary_distractor,current,missing,7,65,65,safety_error
memtraceb-ed9b924b-bdfoodpreference-a7c0-current-missing,ed9b924b-6bc0-67f9-67a1-a36401dd1782,,boundary,boundary_distractor,current,missing,0,7,7,safety_error
memtraceb-ed9b924b-bdfoodpreference-a15c1-current-missing,ed9b924b-6bc0-67f9-67a1-a36401dd1782,,boundary,boundary_distractor,current,missing,1,15,15,safety_error
memtraceb-ed9b924b-bdfoodpreference-a23c2-current-missing,ed9b924b-6bc0-67f9-67a1-a36401dd1782,,boundary,boundary_distractor,current,missing,2,23,23,safety_error
memtraceb-ed9b924b-bdfoodpreference-a32c3-current-missing,ed9b924b-6bc0-67f9-67a1-a36401dd1782,,boundary,boundary_distractor,current,missing,3,32,32,safety_error
memtraceb-ed9b924b-bdfoodpreference-a40c4-current-missing,ed9b924b-6bc0-67f9-67a1-a36401dd1782,,boundary,boundary_distractor,current,missing,4,40,40,safety_error
memtraceb-ed9b924b-bdfoodpreference-a48c5-current-missing,ed9b924b-6bc0-67f9-67a1-a36401dd1782,,boundary,boundary_distractor,current,missing,5,48,48,safety_error
memtraceb-ed9b924b-bdfoodpreference-a56c6-current-missing,ed9b924b-6bc0-67f9-67a1-a36401dd1782,,boundary,boundary_distractor,current,missing,6,56,56,safety_error
memtraceb-ed9b924b-bdfoodpreference-a65c7-current-missing,ed9b924b-6bc0-67f9-67a1-a36401dd1782,,boundary,boundary_distractor,current,missing,7,65,65,safety_error
memtraceb-ed9b924b-bdmoviepreference-a7c0-current-missing,ed9b924b-6bc0-67f9-67a1-a36401dd1782,,boundary,boundary_distractor,current,missing,0,7,7,safety_error
memtraceb-ed9b924b-bdmoviepreference-a15c1-current-missing,ed9b924b-6bc0-67f9-67a1-a36401dd1782,,boundary,boundary_distractor,current,missing,1,15,15,safety_error
memtraceb-ed9b924b-bdmoviepreference-a23c2-current-missing,ed9b924b-6bc0-67f9-67a1-a36401dd1782,,boundary,boundary_distractor,current,missing,2,23,23,safety_error
memtraceb-ed9b924b-bdmoviepreference-a32c3-current-missing,ed9b924b-6bc0-67f9-67a1-a36401dd1782,,boundary,boundary_distractor,current,missing,3,32,32,safety_error
memtraceb-ed9b924b-bdmoviepreference-a40c4-current-missing,ed9b924b-6bc0-67f9-67a1-a36401dd1782,,boundary,boundary_distractor,current,missing,4,40,40,safety_error
memtraceb-ed9b924b-bdmoviepreference-a48c5-current-missing,ed9b924b-6bc0-67f9-67a1-a36401dd1782,,boundary,boundary_distractor,current,missing,5,48,48,safety_error
memtraceb-ed9b924b-bdmoviepreference-a56c6-current-missing,ed9b924b-6bc0-67f9-67a1-a36401dd1782,,boundary,boundary_distractor,current,missing,6,56,56,safety_error
memtraceb-ed9b924b-bdmoviepreference-a65c7-current-missing,ed9b924b-6bc0-67f9-67a1-a36401dd1782,,boundary,boundary_distractor,current,missing,7,65,65,safety_error
memtraceb-ed9b924b-bdmusicpreference-a7c0-current-missing,ed9b924b-6bc0-67f9-67a1-a36401dd1782,,boundary,boundary_distractor,current,missing,0,7,7,safety_error
memtraceb-ed9b924b-bdmusicpreference-a15c1-current-missing,ed9b924b-6bc0-67f9-67a1-a36401dd1782,,boundary,boundary_distractor,current,missing,1,15,15,safety_error
memtraceb-ed9b924b-bdmusicpreference-a23c2-current-missing,ed9b924b-6bc0-67f9-67a1-a36401dd1782,,boundary,boundary_distractor,current,missing,2,23,23,safety_error
memtraceb-ed9b924b-bdmusicpreference-a32c3-current-missing,ed9b924b-6bc0-67f9-67a1-a36401dd1782,,boundary,boundary_distractor,current,missing,3,32,32,safety_error
memtraceb-ed9b924b-bdmusicpreference-a40c4-current-missing,ed9b924b-6bc0-67f9-67a1-a36401dd1782,,boundary,boundary_distractor,current,missing,4,40,40,safety_error
memtraceb-ed9b924b-bdmusicpreference-a48c5-current-missing,ed9b924b-6bc0-67f9-67a1-a36401dd1782,,boundary,boundary_distractor,current,missing,5,48,48,safety_error
memtraceb-ed9b924b-bdmusicpreference-a56c6-current-missing,ed9b924b-6bc0-67f9-67a1-a36401dd1782,,boundary,boundary_distractor,current,missing,6,56,56,safety_error
memtraceb-ed9b924b-bdmusicpreference-a65c7-current-missing,ed9b924b-6bc0-67f9-67a1-a36401dd1782,,boundary,boundary_distractor,current,missing,7,65,65,safety_error
memtraceb-2f4b4206-kp0000-a7c0-current-present,2f4b4206-20bc-19a5-a5ed-4d110f91f4db,0,static,static,current,present,0,7,7,
memtraceb-2f4b4206-kp0000-a15c1-current-present,2f4b4206-20bc-19a5-a5ed-4d110f91f4db,0,static,static,current,present,1,15,15,
memtraceb-2f4b4206-kp0000-a23c2-current-present,2f4b4206-20bc-19a5-a5ed-4d110f91f4db,0,static,static,current,present,2,23,23,
memtraceb-2f4b4206-kp0000-a32c3-current-present,2f4b4206-20bc-19a5-a5ed-4d110f91f4db,0,static,static,current,present,3,32,32,
memtraceb-2f4b4206-kp0000-a40c4-current-present,2f4b4206-20bc-19a5-a5ed-4d110f91f4db,0,static,static,current,present,4,40,40,
memtraceb-2f4b4206-kp0000-a48c5-current-present,2f4b4206-20bc-19a5-a5ed-4d110f91f4db,0,static,static,current,present,5,48,48,
memtraceb-2f4b4206-kp0000-a56c6-current-present,2f4b4206-20bc-19a5-a5ed-4d110f91f4db,0,static,static,current,present,6,56,56,
memtraceb-2f4b4206-kp0000-a65c7-current-present,2f4b4206-20bc-19a5-a5ed-4d110f91f4db,0,static,static,current,present,7,65,65,
memtraceb-2f4b4206-kp0028-a5c0-current-present,2f4b4206-20bc-19a5-a5ed-4d110f91f4db,28,preference,preference,current,present,0,7,5,
memtraceb-2f4b4206-kp0028-a13c1-current-present,2f4b4206-20bc-19a5-a5ed-4d110f91f4db,28,preference,preference,current,present,1,15,13,
memtraceb-2f4b4206-kp0028-a21c2-current-present,2f4b4206-20bc-19a5-a5ed-4d110f91f4db,28,preference,preference,current,present,2,23,21,
memtraceb-2f4b4206-kp0028-a30c3-current-present,2f4b4206-20bc-19a5-a5ed-4d110f91f4db,28,preference,preference,current,present,3,32,30,
memtraceb-2f4b4206-kp0028-a38c4-current-present,2f4b4206-20bc-19a5-a5ed-4d110f91f4db,28,preference,preference,current,present,4,40,38,
memtraceb-2f4b4206-kp0028-a46c5-current-present,2f4b4206-20bc-19a5-a5ed-4d110f91f4db,28,preference,preference,current,present,5,48,46,
memtraceb-2f4b4206-kp0028-a54c6-current-present,2f4b4206-20bc-19a5-a5ed-4d110f91f4db,28,preference,preference,current,present,6,56,54,
memtraceb-2f4b4206-kp0028-a63c7-current-present,2f4b4206-20bc-19a5-a5ed-4d110f91f4db,28,preference,preference,current,present,7,65,63,
memtraceb-2f4b4206-kp0087-a4c0-current-present,2f4b4206-20bc-19a5-a5ed-4d110f91f4db,87,dynamic,dynamic,current,present,0,7,4,item_stale
memtraceb-2f4b4206-kp0087-a4c0-historical-present,2f4b4206-20bc-19a5-a5ed-4d110f91f4db,87,dynamic,dynamic,historical,present,0,7,4,retrieval_error
memtraceb-2f4b4206-kp0087-a4c0-trajectory-present,2f4b4206-20bc-19a5-a5ed-4d110f91f4db,87,dynamic,dynamic,trajectory,present,0,7,4,granularity_error
memtraceb-2f4b4206-kp0087-a4c0-current-contradicted,2f4b4206-20bc-19a5-a5ed-4d110f91f4db,87,dynamic,conflict_distractor,current,contradicted,0,7,4,item_conflict
memtraceb-2f4b4206-kp0087-a12c1-current-present,2f4b4206-20bc-19a5-a5ed-4d110f91f4db,87,dynamic,dynamic,current,present,1,15,12,item_stale
memtraceb-2f4b4206-kp0087-a12c1-historical-present,2f4b4206-20bc-19a5-a5ed-4d110f91f4db,87,dynamic,dynamic,historical,present,1,15,12,retrieval_error
memtraceb-2f4b4206-kp0087-a12c1-trajectory-present,2f4b4206-20bc-19a5-a5ed-4d110f91f4db,87,dynamic,dynamic,trajectory,present,1,15,12,granularity_error
memtraceb-2f4b4206-kp0087-a12c1-current-contradicted,2f4b4206-20bc-19a5-a5ed-4d110f91f4db,87,dynamic,conflict_distractor,current,contradicted,1,15,12,item_conflict
memtraceb-2f4b4206-kp0087-a20c2-current-present,2f4b4206-20bc-19a5-a5ed-4d110f91f4db,87,dynamic,dynamic,current,present,2,23,20,item_stale
memtraceb-2f4b4206-kp0087-a20c2-historical-present,2f4b4206-20bc-19a5-a5ed-4d110f91f4db,87,dynamic,dynamic,historical,present,2,23,20,retrieval_error
memtraceb-2f4b4206-kp0087-a20c2-trajectory-present,2f4b4206-20bc-19a5-a5ed-4d110f91f4db,87,dynamic,dynamic,trajectory,present,2,23,20,granularity_error
memtraceb-2f4b4206-kp0087-a20c2-current-contradicted,2f4b4206-20bc-19a5-a5ed-4d110f91f4db,87,dynamic,conflict_distractor,current,contradicted,2,23,20,item_conflict
memtraceb-2f4b4206-kp0087-a29c3-current-present,2f4b4206-20bc-19a5-a5ed-4d110f91f4db,87,dynamic,dynamic,current,present,3,32,29,item_stale
memtraceb-2f4b4206-kp0087-a29c3-historical-present,2f4b4206-20bc-19a5-a5ed-4d110f91f4db,87,dynamic,dynamic,historical,present,3,32,29,retrieval_error
memtraceb-2f4b4206-kp0087-a29c3-trajectory-present,2f4b4206-20bc-19a5-a5ed-4d110f91f4db,87,dynamic,dynamic,trajectory,present,3,32,29,granularity_error
memtraceb-2f4b4206-kp0087-a29c3-current-contradicted,2f4b4206-20bc-19a5-a5ed-4d110f91f4db,87,dynamic,conflict_distractor,current,contradicted,3,32,29,item_conflict
memtraceb-2f4b4206-kp0087-a37c4-current-present,2f4b4206-20bc-19a5-a5ed-4d110f91f4db,87,dynamic,dynamic,current,present,4,40,37,item_stale
memtraceb-2f4b4206-kp0087-a37c4-historical-present,2f4b4206-20bc-19a5-a5ed-4d110f91f4db,87,dynamic,dynamic,historical,present,4,40,37,retrieval_error
memtraceb-2f4b4206-kp0087-a37c4-trajectory-present,2f4b4206-20bc-19a5-a5ed-4d110f91f4db,87,dynamic,dynamic,trajectory,present,4,40,37,granularity_error
memtraceb-2f4b4206-kp0087-a37c4-current-contradicted,2f4b4206-20bc-19a5-a5ed-4d110f91f4db,87,dynamic,conflict_distractor,current,contradicted,4,40,37,item_conflict
memtraceb-2f4b4206-kp0087-a45c5-current-present,2f4b4206-20bc-19a5-a5ed-4d110f91f4db,87,dynamic,dynamic,current,present,5,48,45,item_stale
memtraceb-2f4b4206-kp0087-a45c5-historical-present,2f4b4206-20bc-19a5-a5ed-4d110f91f4db,87,dynamic,dynamic,historical,present,5,48,45,retrieval_error
memtraceb-2f4b4206-kp0087-a45c5-trajectory-present,2f4b4206-20bc-19a5-a5ed-4d110f91f4db,87,dynamic,dynamic,trajectory,present,5,48,45,granularity_error
memtraceb-2f4b4206-kp0087-a45c5-current-contradicted,2f4b4206-20bc-19a5-a5ed-4d110f91f4db,87,dynamic,conflict_distractor,current,contradicted,5,48,45,item_conflict
memtraceb-2f4b4206-kp0087-a53c6-current-present,2f4b4206-20bc-19a5-a5ed-4d110f91f4db,87,dynamic,dynamic,current,present,6,56,53,item_stale
memtraceb-2f4b4206-kp0087-a53c6-historical-present,2f4b4206-20bc-19a5-a5ed-4d110f91f4db,87,dynamic,dynamic,historical,present,6,56,53,retrieval_error
memtraceb-2f4b4206-kp0087-a53c6-trajectory-present,2f4b4206-20bc-19a5-a5ed-4d110f91f4db,87,dynamic,dynamic,trajectory,present,6,56,53,granularity_error
memtraceb-2f4b4206-kp0087-a53c6-current-contradicted,2f4b4206-20bc-19a5-a5ed-4d110f91f4db,87,dynamic,conflict_distractor,current,contradicted,6,56,53,item_conflict
memtraceb-2f4b4206-kp0087-a62c7-current-present,2f4b4206-20bc-19a5-a5ed-4d110f91f4db,87,dynamic,dynamic,current,present,7,65,62,item_stale
memtraceb-2f4b4206-kp0087-a62c7-historical-present,2f4b4206-20bc-19a5-a5ed-4d110f91f4db,87,dynamic,dynamic,historical,present,7,65,62,retrieval_error
memtraceb-2f4b4206-kp0087-a62c7-trajectory-present,2f4b4206-20bc-19a5-a5ed-4d110f91f4db,87,dynamic,dynamic,trajectory,present,7,65,62,granularity_error
memtraceb-2f4b4206-kp0087-a62c7-current-contradicted,2f4b4206-20bc-19a5-a5ed-4d110f91f4db,87,dynamic,conflict_distractor,current,contradicted,7,65,62,item_conflict
memtraceb-2f4b4206-kp0134-a7c1-current-present,2f4b4206-20bc-19a5-a5ed-4d110f91f4db,134,preference,preference,current,present,1,15,7,
memtraceb-2f4b4206-kp0134-a15c2-current-present,2f4b4206-20bc-19a5-a5ed-4d110f91f4db,134,preference,preference,current,present,2,23,15,
memtraceb-2f4b4206-kp0134-a24c3-current-present,2f4b4206-20bc-19a5-a5ed-4d110f91f4db,134,preference,preference,current,present,3,32,24,
memtraceb-2f4b4206-kp0134-a32c4-current-present,2f4b4206-20bc-19a5-a5ed-4d110f91f4db,134,preference,preference,current,present,4,40,32,
memtraceb-2f4b4206-kp0134-a40c5-current-present,2f4b4206-20bc-19a5-a5ed-4d110f91f4db,134,preference,preference,current,present,5,48,40,
memtraceb-2f4b4206-kp0134-a48c6-current-present,2f4b4206-20bc-19a5-a5ed-4d110f91f4db,134,preference,preference,current,present,6,56,48,
memtraceb-2f4b4206-kp0134-a57c7-current-present,2f4b4206-20bc-19a5-a5ed-4d110f91f4db,134,preference,preference,current,present,7,65,57,
memtraceb-2f4b4206-kp0281-a4c3-current-present,2f4b4206-20bc-19a5-a5ed-4d110f91f4db,281,dynamic,dynamic,current,present,3,32,4,item_stale
memtraceb-2f4b4206-kp0281-a4c3-historical-present,2f4b4206-20bc-19a5-a5ed-4d110f91f4db,281,dynamic,dynamic,historical,present,3,32,4,retrieval_error
memtraceb-2f4b4206-kp0281-a4c3-trajectory-present,2f4b4206-20bc-19a5-a5ed-4d110f91f4db,281,dynamic,dynamic,trajectory,present,3,32,4,granularity_error
memtraceb-2f4b4206-kp0281-a4c3-current-contradicted,2f4b4206-20bc-19a5-a5ed-4d110f91f4db,281,dynamic,conflict_distractor,current,contradicted,3,32,4,item_conflict
memtraceb-2f4b4206-kp0281-a12c4-current-present,2f4b4206-20bc-19a5-a5ed-4d110f91f4db,281,dynamic,dynamic,current,present,4,40,12,item_stale
memtraceb-2f4b4206-kp0281-a12c4-historical-present,2f4b4206-20bc-19a5-a5ed-4d110f91f4db,281,dynamic,dynamic,historical,present,4,40,12,retrieval_error
memtraceb-2f4b4206-kp0281-a12c4-trajectory-present,2f4b4206-20bc-19a5-a5ed-4d110f91f4db,281,dynamic,dynamic,trajectory,present,4,40,12,granularity_error
memtraceb-2f4b4206-kp0281-a12c4-current-contradicted,2f4b4206-20bc-19a5-a5ed-4d110f91f4db,281,dynamic,conflict_distractor,current,contradicted,4,40,12,item_conflict
memtraceb-2f4b4206-kp0281-a20c5-current-present,2f4b4206-20bc-19a5-a5ed-4d110f91f4db,281,dynamic,dynamic,current,present,5,48,20,item_stale
memtraceb-2f4b4206-kp0281-a20c5-historical-present,2f4b4206-20bc-19a5-a5ed-4d110f91f4db,281,dynamic,dynamic,historical,present,5,48,20,retrieval_error
memtraceb-2f4b4206-kp0281-a20c5-trajectory-present,2f4b4206-20bc-19a5-a5ed-4d110f91f4db,281,dynamic,dynamic,trajectory,present,5,48,20,granularity_error
memtraceb-2f4b4206-kp0281-a20c5-current-contradicted,2f4b4206-20bc-19a5-a5ed-4d110f91f4db,281,dynamic,conflict_distractor,current,contradicted,5,48,20,item_conflict
memtraceb-2f4b4206-kp0281-a28c6-current-present,2f4b4206-20bc-19a5-a5ed-4d110f91f4db,281,dynamic,dynamic,current,present,6,56,28,item_stale
memtraceb-2f4b4206-kp0281-a28c6-historical-present,2f4b4206-20bc-19a5-a5ed-4d110f91f4db,281,dynamic,dynamic,historical,present,6,56,28,retrieval_error
memtraceb-2f4b4206-kp0281-a28c6-trajectory-present,2f4b4206-20bc-19a5-a5ed-4d110f91f4db,281,dynamic,dynamic,trajectory,present,6,56,28,granularity_error
memtraceb-2f4b4206-kp0281-a28c6-current-contradicted,2f4b4206-20bc-19a5-a5ed-4d110f91f4db,281,dynamic,conflict_distractor,current,contradicted,6,56,28,item_conflict
memtraceb-2f4b4206-kp0281-a37c7-current-present,2f4b4206-20bc-19a5-a5ed-4d110f91f4db,281,dynamic,dynamic,current,present,7,65,37,item_stale
memtraceb-2f4b4206-kp0281-a37c7-historical-present,2f4b4206-20bc-19a5-a5ed-4d110f91f4db,281,dynamic,dynamic,historical,present,7,65,37,retrieval_error
memtraceb-2f4b4206-kp0281-a37c7-trajectory-present,2f4b4206-20bc-19a5-a5ed-4d110f91f4db,281,dynamic,dynamic,trajectory,present,7,65,37,granularity_error
memtraceb-2f4b4206-kp0281-a37c7-current-contradicted,2f4b4206-20bc-19a5-a5ed-4d110f91f4db,281,dynamic,conflict_distractor,current,contradicted,7,65,37,item_conflict
memtraceb-2f4b4206-kp0335-a6c4-current-present,2f4b4206-20bc-19a5-a5ed-4d110f91f4db,335,static,static,current,present,4,40,6,
memtraceb-2f4b4206-kp0335-a14c5-current-present,2f4b4206-20bc-19a5-a5ed-4d110f91f4db,335,static,static,current,present,5,48,14,
memtraceb-2f4b4206-kp0335-a22c6-current-present,2f4b4206-20bc-19a5-a5ed-4d110f91f4db,335,static,static,current,present,6,56,22,
memtraceb-2f4b4206-kp0335-a31c7-current-present,2f4b4206-20bc-19a5-a5ed-4d110f91f4db,335,static,static,current,present,7,65,31,
memtraceb-2f4b4206-bdmusicpreference-a7c0-current-missing,2f4b4206-20bc-19a5-a5ed-4d110f91f4db,,boundary,boundary_distractor,current,missing,0,7,7,safety_error
memtraceb-2f4b4206-bdmusicpreference-a15c1-current-missing,2f4b4206-20bc-19a5-a5ed-4d110f91f4db,,boundary,boundary_distractor,current,missing,1,15,15,safety_error
memtraceb-2f4b4206-bdmusicpreference-a23c2-current-missing,2f4b4206-20bc-19a5-a5ed-4d110f91f4db,,boundary,boundary_distractor,current,missing,2,23,23,safety_error
memtraceb-2f4b4206-bdmusicpreference-a32c3-current-missing,2f4b4206-20bc-19a5-a5ed-4d110f91f4db,,boundary,boundary_distractor,current,missing,3,32,32,safety_error
memtraceb-2f4b4206-bdmusicpreference-a40c4-current-missing,2f4b4206-20bc-19a5-a5ed-4d110f91f4db,,boundary,boundary_distractor,current,missing,4,40,40,safety_error
memtraceb-2f4b4206-bdmusicpreference-a48c5-current-missing,2f4b4206-20bc-19a5-a5ed-4d110f91f4db,,boundary,boundary_distractor,current,missing,5,48,48,safety_error
memtraceb-2f4b4206-bdmusicpreference-a56c6-current-missing,2f4b4206-20bc-19a5-a5ed-4d110f91f4db,,boundary,boundary_distractor,current,missing,6,56,56,safety_error
memtraceb-2f4b4206-bdmusicpreference-a65c7-current-missing,2f4b4206-20bc-19a5-a5ed-4d110f91f4db,,boundary,boundary_distractor,current,missing,7,65,65,safety_error
memtraceb-2f4b4206-bdreadingpreference-a7c0-current-missing,2f4b4206-20bc-19a5-a5ed-4d110f91f4db,,boundary,boundary_distractor,current,missing,0,7,7,safety_error
memtraceb-2f4b4206-bdreadingpreference-a15c1-current-missing,2f4b4206-20bc-19a5-a5ed-4d110f91f4db,,boundary,boundary_distractor,current,missing,1,15,15,safety_error
memtraceb-2f4b4206-bdreadingpreference-a23c2-current-missing,2f4b4206-20bc-19a5-a5ed-4d110f91f4db,,boundary,boundary_distractor,current,missing,2,23,23,safety_error
memtraceb-2f4b4206-bdreadingpreference-a32c3-current-missing,2f4b4206-20bc-19a5-a5ed-4d110f91f4db,,boundary,boundary_distractor,current,missing,3,32,32,safety_error
memtraceb-2f4b4206-bdreadingpreference-a40c4-current-missing,2f4b4206-20bc-19a5-a5ed-4d110f91f4db,,boundary,boundary_distractor,current,missing,4,40,40,safety_error
memtraceb-2f4b4206-bdreadingpreference-a48c5-current-missing,2f4b4206-20bc-19a5-a5ed-4d110f91f4db,,boundary,boundary_distractor,current,missing,5,48,48,safety_error
memtraceb-2f4b4206-bdreadingpreference-a56c6-current-missing,2f4b4206-20bc-19a5-a5ed-4d110f91f4db,,boundary,boundary_distractor,current,missing,6,56,56,safety_error
memtraceb-2f4b4206-bdreadingpreference-a65c7-current-missing,2f4b4206-20bc-19a5-a5ed-4d110f91f4db,,boundary,boundary_distractor,current,missing,7,65,65,safety_error
memtraceb-2f4b4206-bdsportspreference-a7c0-current-missing,2f4b4206-20bc-19a5-a5ed-4d110f91f4db,,boundary,boundary_distractor,current,missing,0,7,7,safety_error
memtraceb-2f4b4206-bdsportspreference-a15c1-current-missing,2f4b4206-20bc-19a5-a5ed-4d110f91f4db,,boundary,boundary_distractor,current,missing,1,15,15,safety_error
memtraceb-2f4b4206-bdsportspreference-a23c2-current-missing,2f4b4206-20bc-19a5-a5ed-4d110f91f4db,,boundary,boundary_distractor,current,missing,2,23,23,safety_error
memtraceb-2f4b4206-bdsportspreference-a32c3-current-missing,2f4b4206-20bc-19a5-a5ed-4d110f91f4db,,boundary,boundary_distractor,current,missing,3,32,32,safety_error
memtraceb-2f4b4206-bdsportspreference-a40c4-current-missing,2f4b4206-20bc-19a5-a5ed-4d110f91f4db,,boundary,boundary_distractor,current,missing,4,40,40,safety_error
memtraceb-2f4b4206-bdsportspreference-a48c5-current-missing,2f4b4206-20bc-19a5-a5ed-4d110f91f4db,,boundary,boundary_distractor,current,missing,5,48,48,safety_error
memtraceb-2f4b4206-bdsportspreference-a56c6-current-missing,2f4b4206-20bc-19a5-a5ed-4d110f91f4db,,boundary,boundary_distractor,current,missing,6,56,56,safety_error
memtraceb-2f4b4206-bdsportspreference-a65c7-current-missing,2f4b4206-20bc-19a5-a5ed-4d110f91f4db,,boundary,boundary_distractor,current,missing,7,65,65,safety_error
memtraceb-ffccb278-kp0000-a8c0-current-present,ffccb278-6ad3-7c1b-e682-44543d5a12cb,0,static,static,current,present,0,8,8,
memtraceb-ffccb278-kp0000-a18c1-current-present,ffccb278-6ad3-7c1b-e682-44543d5a12cb,0,static,static,current,present,1,18,18,
memtraceb-ffccb278-kp0000-a28c2-current-present,ffccb278-6ad3-7c1b-e682-44543d5a12cb,0,static,static,current,present,2,28,28,
memtraceb-ffccb278-kp0000-a38c3-current-present,ffccb278-6ad3-7c1b-e682-44543d5a12cb,0,static,static,current,present,3,38,38,
memtraceb-ffccb278-kp0000-a48c4-current-present,ffccb278-6ad3-7c1b-e682-44543d5a12cb,0,static,static,current,present,4,48,48,
memtraceb-ffccb278-kp0000-a58c5-current-present,ffccb278-6ad3-7c1b-e682-44543d5a12cb,0,static,static,current,present,5,58,58,
memtraceb-ffccb278-kp0000-a68c6-current-present,ffccb278-6ad3-7c1b-e682-44543d5a12cb,0,static,static,current,present,6,68,68,
memtraceb-ffccb278-kp0000-a78c7-current-present,ffccb278-6ad3-7c1b-e682-44543d5a12cb,0,static,static,current,present,7,78,78,
memtraceb-ffccb278-kp0028-a6c0-current-present,ffccb278-6ad3-7c1b-e682-44543d5a12cb,28,preference,preference,current,present,0,8,6,
memtraceb-ffccb278-kp0028-a16c1-current-present,ffccb278-6ad3-7c1b-e682-44543d5a12cb,28,preference,preference,current,present,1,18,16,
memtraceb-ffccb278-kp0028-a26c2-current-present,ffccb278-6ad3-7c1b-e682-44543d5a12cb,28,preference,preference,current,present,2,28,26,
memtraceb-ffccb278-kp0028-a36c3-current-present,ffccb278-6ad3-7c1b-e682-44543d5a12cb,28,preference,preference,current,present,3,38,36,
memtraceb-ffccb278-kp0028-a46c4-current-present,ffccb278-6ad3-7c1b-e682-44543d5a12cb,28,preference,preference,current,present,4,48,46,
memtraceb-ffccb278-kp0028-a56c5-current-present,ffccb278-6ad3-7c1b-e682-44543d5a12cb,28,preference,preference,current,present,5,58,56,
memtraceb-ffccb278-kp0028-a66c6-current-present,ffccb278-6ad3-7c1b-e682-44543d5a12cb,28,preference,preference,current,present,6,68,66,
memtraceb-ffccb278-kp0028-a76c7-current-present,ffccb278-6ad3-7c1b-e682-44543d5a12cb,28,preference,preference,current,present,7,78,76,
memtraceb-ffccb278-kp0083-a5c0-current-present,ffccb278-6ad3-7c1b-e682-44543d5a12cb,83,dynamic,dynamic,current,present,0,8,5,item_stale
memtraceb-ffccb278-kp0083-a5c0-historical-present,ffccb278-6ad3-7c1b-e682-44543d5a12cb,83,dynamic,dynamic,historical,present,0,8,5,retrieval_error
memtraceb-ffccb278-kp0083-a5c0-trajectory-present,ffccb278-6ad3-7c1b-e682-44543d5a12cb,83,dynamic,dynamic,trajectory,present,0,8,5,granularity_error
memtraceb-ffccb278-kp0083-a5c0-current-contradicted,ffccb278-6ad3-7c1b-e682-44543d5a12cb,83,dynamic,conflict_distractor,current,contradicted,0,8,5,item_conflict
memtraceb-ffccb278-kp0083-a15c1-current-present,ffccb278-6ad3-7c1b-e682-44543d5a12cb,83,dynamic,dynamic,current,present,1,18,15,item_stale
memtraceb-ffccb278-kp0083-a15c1-historical-present,ffccb278-6ad3-7c1b-e682-44543d5a12cb,83,dynamic,dynamic,historical,present,1,18,15,retrieval_error
memtraceb-ffccb278-kp0083-a15c1-trajectory-present,ffccb278-6ad3-7c1b-e682-44543d5a12cb,83,dynamic,dynamic,trajectory,present,1,18,15,granularity_error
memtraceb-ffccb278-kp0083-a15c1-current-contradicted,ffccb278-6ad3-7c1b-e682-44543d5a12cb,83,dynamic,conflict_distractor,current,contradicted,1,18,15,item_conflict
memtraceb-ffccb278-kp0083-a25c2-current-present,ffccb278-6ad3-7c1b-e682-44543d5a12cb,83,dynamic,dynamic,current,present,2,28,25,item_stale
memtraceb-ffccb278-kp0083-a25c2-historical-present,ffccb278-6ad3-7c1b-e682-44543d5a12cb,83,dynamic,dynamic,historical,present,2,28,25,retrieval_error
memtraceb-ffccb278-kp0083-a25c2-trajectory-present,ffccb278-6ad3-7c1b-e682-44543d5a12cb,83,dynamic,dynamic,trajectory,present,2,28,25,granularity_error
memtraceb-ffccb278-kp0083-a25c2-current-contradicted,ffccb278-6ad3-7c1b-e682-44543d5a12cb,83,dynamic,conflict_distractor,current,contradicted,2,28,25,item_conflict
memtraceb-ffccb278-kp0083-a35c3-current-present,ffccb278-6ad3-7c1b-e682-44543d5a12cb,83,dynamic,dynamic,current,present,3,38,35,item_stale
memtraceb-ffccb278-kp0083-a35c3-historical-present,ffccb278-6ad3-7c1b-e682-44543d5a12cb,83,dynamic,dynamic,historical,present,3,38,35,retrieval_error
memtraceb-ffccb278-kp0083-a35c3-trajectory-present,ffccb278-6ad3-7c1b-e682-44543d5a12cb,83,dynamic,dynamic,trajectory,present,3,38,35,granularity_error
memtraceb-ffccb278-kp0083-a35c3-current-contradicted,ffccb278-6ad3-7c1b-e682-44543d5a12cb,83,dynamic,conflict_distractor,current,contradicted,3,38,35,item_conflict
memtraceb-ffccb278-kp0083-a45c4-current-present,ffccb278-6ad3-7c1b-e682-44543d5a12cb,83,dynamic,dynamic,current,present,4,48,45,item_stale
memtraceb-ffccb278-kp0083-a45c4-historical-present,ffccb278-6ad3-7c1b-e682-44543d5a12cb,83,dynamic,dynamic,historical,present,4,48,45,retrieval_error
memtraceb-ffccb278-kp0083-a45c4-trajectory-present,ffccb278-6ad3-7c1b-e682-44543d5a12cb,83,dynamic,dynamic,trajectory,present,4,48,45,granularity_error
memtraceb-ffccb278-kp0083-a45c4-current-contradicted,ffccb278-6ad3-7c1b-e682-44543d5a12cb,83,dynamic,conflict_distractor,current,contradicted,4,48,45,item_conflict
memtraceb-ffccb278-kp0083-a55c5-current-present,ffccb278-6ad3-7c1b-e682-44543d5a12cb,83,dynamic,dynamic,current,present,5,58,55,item_stale
memtraceb-ffccb278-kp0083-a55c5-historical-present,ffccb278-6ad3-7c1b-e682-44543d5a12cb,83,dynamic,dynamic,historical,present,5,58,55,retrieval_error
memtraceb-ffccb278-kp0083-a55c5-trajectory-present,ffccb278-6ad3-7c1b-e682-44543d5a12cb,83,dynamic,dynamic,trajectory,present,5,58,55,granularity_error
memtraceb-ffccb278-kp0083-a55c5-current-contradicted,ffccb278-6ad3-7c1b-e682-44543d5a12cb,83,dynamic,conflict_distractor,current,contradicted,5,58,55,item_conflict
memtraceb-ffccb278-kp0083-a65c6-current-present,ffccb278-6ad3-7c1b-e682-44543d5a12cb,83,dynamic,dynamic,current,present,6,68,65,item_stale
memtraceb-ffccb278-kp0083-a65c6-historical-present,ffccb278-6ad3-7c1b-e682-44543d5a12cb,83,dynamic,dynamic,historical,present,6,68,65,retrieval_error
memtraceb-ffccb278-kp0083-a65c6-trajectory-present,ffccb278-6ad3-7c1b-e682-44543d5a12cb,83,dynamic,dynamic,trajectory,present,6,68,65,granularity_error
memtraceb-ffccb278-kp0083-a65c6-current-contradicted,ffccb278-6ad3-7c1b-e682-44543d5a12cb,83,dynamic,conflict_distractor,current,contradicted,6,68,65,item_conflict
memtraceb-ffccb278-kp0083-a75c7-current-present,ffccb278-6ad3-7c1b-e682-44543d5a12cb,83,dynamic,dynamic,current,present,7,78,75,item_stale
memtraceb-ffccb278-kp0083-a75c7-historical-present,ffccb278-6ad3-7c1b-e682-44543d5a12cb,83,dynamic,dynamic,historical,present,7,78,75,retrieval_error
memtraceb-ffccb278-kp0083-a75c7-trajectory-present,ffccb278-6ad3-7c1b-e682-44543d5a12cb,83,dynamic,dynamic,trajectory,present,7,78,75,granularity_error
memtraceb-ffccb278-kp0083-a75c7-current-contradicted,ffccb278-6ad3-7c1b-e682-44543d5a12cb,83,dynamic,conflict_distractor,current,contradicted,7,78,75,item_conflict
memtraceb-ffccb278-kp0258-a4c2-current-present,ffccb278-6ad3-7c1b-e682-44543d5a12cb,258,preference,preference,current,present,2,28,4,
memtraceb-ffccb278-kp0258-a14c3-current-present,ffccb278-6ad3-7c1b-e682-44543d5a12cb,258,preference,preference,current,present,3,38,14,
memtraceb-ffccb278-kp0258-a24c4-current-present,ffccb278-6ad3-7c1b-e682-44543d5a12cb,258,preference,preference,current,present,4,48,24,
memtraceb-ffccb278-kp0258-a34c5-current-present,ffccb278-6ad3-7c1b-e682-44543d5a12cb,258,preference,preference,current,present,5,58,34,
memtraceb-ffccb278-kp0258-a44c6-current-present,ffccb278-6ad3-7c1b-e682-44543d5a12cb,258,preference,preference,current,present,6,68,44,
memtraceb-ffccb278-kp0258-a54c7-current-present,ffccb278-6ad3-7c1b-e682-44543d5a12cb,258,preference,preference,current,present,7,78,54,
memtraceb-ffccb278-kp0350-a3c3-current-present,ffccb278-6ad3-7c1b-e682-44543d5a12cb,350,dynamic,dynamic,current,present,3,38,3,item_stale
memtraceb-ffccb278-kp0350-a3c3-historical-present,ffccb278-6ad3-7c1b-e682-44543d5a12cb,350,dynamic,dynamic,historical,present,3,38,3,retrieval_error
memtraceb-ffccb278-kp0350-a3c3-trajectory-present,ffccb278-6ad3-7c1b-e682-44543d5a12cb,350,dynamic,dynamic,trajectory,present,3,38,3,granularity_error
memtraceb-ffccb278-kp0350-a3c3-current-contradicted,ffccb278-6ad3-7c1b-e682-44543d5a12cb,350,dynamic,conflict_distractor,current,contradicted,3,38,3,item_conflict
memtraceb-ffccb278-kp0350-a13c4-current-present,ffccb278-6ad3-7c1b-e682-44543d5a12cb,350,dynamic,dynamic,current,present,4,48,13,item_stale
memtraceb-ffccb278-kp0350-a13c4-historical-present,ffccb278-6ad3-7c1b-e682-44543d5a12cb,350,dynamic,dynamic,historical,present,4,48,13,retrieval_error
memtraceb-ffccb278-kp0350-a13c4-trajectory-present,ffccb278-6ad3-7c1b-e682-44543d5a12cb,350,dynamic,dynamic,trajectory,present,4,48,13,granularity_error
memtraceb-ffccb278-kp0350-a13c4-current-contradicted,ffccb278-6ad3-7c1b-e682-44543d5a12cb,350,dynamic,conflict_distractor,current,contradicted,4,48,13,item_conflict
memtraceb-ffccb278-kp0350-a23c5-current-present,ffccb278-6ad3-7c1b-e682-44543d5a12cb,350,dynamic,dynamic,current,present,5,58,23,item_stale
memtraceb-ffccb278-kp0350-a23c5-historical-present,ffccb278-6ad3-7c1b-e682-44543d5a12cb,350,dynamic,dynamic,historical,present,5,58,23,retrieval_error
memtraceb-ffccb278-kp0350-a23c5-trajectory-present,ffccb278-6ad3-7c1b-e682-44543d5a12cb,350,dynamic,dynamic,trajectory,present,5,58,23,granularity_error
memtraceb-ffccb278-kp0350-a23c5-current-contradicted,ffccb278-6ad3-7c1b-e682-44543d5a12cb,350,dynamic,conflict_distractor,current,contradicted,5,58,23,item_conflict
memtraceb-ffccb278-kp0350-a33c6-current-present,ffccb278-6ad3-7c1b-e682-44543d5a12cb,350,dynamic,dynamic,current,present,6,68,33,item_stale
memtraceb-ffccb278-kp0350-a33c6-historical-present,ffccb278-6ad3-7c1b-e682-44543d5a12cb,350,dynamic,dynamic,historical,present,6,68,33,retrieval_error
memtraceb-ffccb278-kp0350-a33c6-trajectory-present,ffccb278-6ad3-7c1b-e682-44543d5a12cb,350,dynamic,dynamic,trajectory,present,6,68,33,granularity_error
memtraceb-ffccb278-kp0350-a33c6-current-contradicted,ffccb278-6ad3-7c1b-e682-44543d5a12cb,350,dynamic,conflict_distractor,current,contradicted,6,68,33,item_conflict
memtraceb-ffccb278-kp0350-a43c7-current-present,ffccb278-6ad3-7c1b-e682-44543d5a12cb,350,dynamic,dynamic,current,present,7,78,43,item_stale
memtraceb-ffccb278-kp0350-a43c7-historical-present,ffccb278-6ad3-7c1b-e682-44543d5a12cb,350,dynamic,dynamic,historical,present,7,78,43,retrieval_error
memtraceb-ffccb278-kp0350-a43c7-trajectory-present,ffccb278-6ad3-7c1b-e682-44543d5a12cb,350,dynamic,dynamic,trajectory,present,7,78,43,granularity_error
memtraceb-ffccb278-kp0350-a43c7-current-contradicted,ffccb278-6ad3-7c1b-e682-44543d5a12cb,350,dynamic,conflict_distractor,current,contradicted,7,78,43,item_conflict
memtraceb-ffccb278-kp0371-a0c3-current-present,ffccb278-6ad3-7c1b-e682-44543d5a12cb,371,static,static,current,present,3,38,0,
memtraceb-ffccb278-kp0371-a10c4-current-present,ffccb278-6ad3-7c1b-e682-44543d5a12cb,371,static,static,current,present,4,48,10,
memtraceb-ffccb278-kp0371-a20c5-current-present,ffccb278-6ad3-7c1b-e682-44543d5a12cb,371,static,static,current,present,5,58,20,
memtraceb-ffccb278-kp0371-a30c6-current-present,ffccb278-6ad3-7c1b-e682-44543d5a12cb,371,static,static,current,present,6,68,30,
memtraceb-ffccb278-kp0371-a40c7-current-present,ffccb278-6ad3-7c1b-e682-44543d5a12cb,371,static,static,current,present,7,78,40,
memtraceb-ffccb278-bdmusicpreference-a8c0-current-missing,ffccb278-6ad3-7c1b-e682-44543d5a12cb,,boundary,boundary_distractor,current,missing,0,8,8,safety_error
memtraceb-ffccb278-bdmusicpreference-a18c1-current-missing,ffccb278-6ad3-7c1b-e682-44543d5a12cb,,boundary,boundary_distractor,current,missing,1,18,18,safety_error
memtraceb-ffccb278-bdmusicpreference-a28c2-current-missing,ffccb278-6ad3-7c1b-e682-44543d5a12cb,,boundary,boundary_distractor,current,missing,2,28,28,safety_error
memtraceb-ffccb278-bdmusicpreference-a38c3-current-missing,ffccb278-6ad3-7c1b-e682-44543d5a12cb,,boundary,boundary_distractor,current,missing,3,38,38,safety_error
memtraceb-ffccb278-bdmusicpreference-a48c4-current-missing,ffccb278-6ad3-7c1b-e682-44543d5a12cb,,boundary,boundary_distractor,current,missing,4,48,48,safety_error
memtraceb-ffccb278-bdmusicpreference-a58c5-current-missing,ffccb278-6ad3-7c1b-e682-44543d5a12cb,,boundary,boundary_distractor,current,missing,5,58,58,safety_error
memtraceb-ffccb278-bdmusicpreference-a68c6-current-missing,ffccb278-6ad3-7c1b-e682-44543d5a12cb,,boundary,boundary_distractor,current,missing,6,68,68,safety_error
memtraceb-ffccb278-bdmusicpreference-a78c7-current-missing,ffccb278-6ad3-7c1b-e682-44543d5a12cb,,boundary,boundary_distractor,current,missing,7,78,78,safety_error
memtraceb-ffccb278-bdpetpreference-a8c0-current-missing,ffccb278-6ad3-7c1b-e682-44543d5a12cb,,boundary,boundary_distractor,current,missing,0,8,8,safety_error
memtraceb-ffccb278-bdpetpreference-a18c1-current-missing,ffccb278-6ad3-7c1b-e682-44543d5a12cb,,boundary,boundary_distractor,current,missing,1,18,18,safety_error
memtraceb-ffccb278-bdpetpreference-a28c2-current-missing,ffccb278-6ad3-7c1b-e682-44543d5a12cb,,boundary,boundary_distractor,current,missing,2,28,28,safety_error
memtraceb-ffccb278-bdpetpreference-a38c3-current-missing,ffccb278-6ad3-7c1b-e682-44543d5a12cb,,boundary,boundary_distractor,current,missing,3,38,38,safety_error
memtraceb-ffccb278-bdpetpreference-a48c4-current-missing,ffccb278-6ad3-7c1b-e682-44543d5a12cb,,boundary,boundary_distractor,current,missing,4,48,48,safety_error
memtraceb-ffccb278-bdpetpreference-a58c5-current-missing,ffccb278-6ad3-7c1b-e682-44543d5a12cb,,boundary,boundary_distractor,current,missing,5,58,58,safety_error
memtraceb-ffccb278-bdpetpreference-a68c6-current-missing,ffccb278-6ad3-7c1b-e682-44543d5a12cb,,boundary,boundary_distractor,current,missing,6,68,68,safety_error
memtraceb-ffccb278-bdpetpreference-a78c7-current-missing,ffccb278-6ad3-7c1b-e682-44543d5a12cb,,boundary,boundary_distractor,current,missing,7,78,78,safety_error
memtraceb-ffccb278-bdreadingpreference-a8c0-current-missing,ffccb278-6ad3-7c1b-e682-44543d5a12cb,,boundary,boundary_distractor,current,missing,0,8,8,safety_error
memtraceb-ffccb278-bdreadingpreference-a18c1-current-missing,ffccb278-6ad3-7c1b-e682-44543d5a12cb,,boundary,boundary_distractor,current,missing,1,18,18,safety_error
memtraceb-ffccb278-bdreadingpreference-a28c2-current-missing,ffccb278-6ad3-7c1b-e682-44543d5a12cb,,boundary,boundary_distractor,current,missing,2,28,28,safety_error
memtraceb-ffccb278-bdreadingpreference-a38c3-current-missing,ffccb278-6ad3-7c1b-e682-44543d5a12cb,,boundary,boundary_distractor,current,missing,3,38,38,safety_error
memtraceb-ffccb278-bdreadingpreference-a48c4-current-missing,ffccb278-6ad3-7c1b-e682-44543d5a12cb,,boundary,boundary_distractor,current,missing,4,48,48,safety_error
memtraceb-ffccb278-bdreadingpreference-a58c5-current-missing,ffccb278-6ad3-7c1b-e682-44543d5a12cb,,boundary,boundary_distractor,current,missing,5,58,58,safety_error
memtraceb-ffccb278-bdreadingpreference-a68c6-current-missing,ffccb278-6ad3-7c1b-e682-44543d5a12cb,,boundary,boundary_distractor,current,missing,6,68,68,safety_error
memtraceb-ffccb278-bdreadingpreference-a78c7-current-missing,ffccb278-6ad3-7c1b-e682-44543d5a12cb,,boundary,boundary_distractor,current,missing,7,78,78,safety_error
memtraceb-dd27d8ab-kp0000-a8c0-current-present,dd27d8ab-7d2d-acbe-de11-9bc249ea3829,0,static,static,current,present,0,8,8,
memtraceb-dd27d8ab-kp0000-a17c1-current-present,dd27d8ab-7d2d-acbe-de11-9bc249ea3829,0,static,static,current,present,1,17,17,
memtraceb-dd27d8ab-kp0000-a26c2-current-present,dd27d8ab-7d2d-acbe-de11-9bc249ea3829,0,static,static,current,present,2,26,26,
memtraceb-dd27d8ab-kp0000-a36c3-current-present,dd27d8ab-7d2d-acbe-de11-9bc249ea3829,0,static,static,current,present,3,36,36,
memtraceb-dd27d8ab-kp0000-a45c4-current-present,dd27d8ab-7d2d-acbe-de11-9bc249ea3829,0,static,static,current,present,4,45,45,
memtraceb-dd27d8ab-kp0000-a54c5-current-present,dd27d8ab-7d2d-acbe-de11-9bc249ea3829,0,static,static,current,present,5,54,54,
memtraceb-dd27d8ab-kp0000-a63c6-current-present,dd27d8ab-7d2d-acbe-de11-9bc249ea3829,0,static,static,current,present,6,63,63,
memtraceb-dd27d8ab-kp0000-a73c7-current-present,dd27d8ab-7d2d-acbe-de11-9bc249ea3829,0,static,static,current,present,7,73,73,
memtraceb-dd27d8ab-kp0035-a5c0-current-present,dd27d8ab-7d2d-acbe-de11-9bc249ea3829,35,preference,preference,current,present,0,8,5,
memtraceb-dd27d8ab-kp0035-a14c1-current-present,dd27d8ab-7d2d-acbe-de11-9bc249ea3829,35,preference,preference,current,present,1,17,14,
memtraceb-dd27d8ab-kp0035-a23c2-current-present,dd27d8ab-7d2d-acbe-de11-9bc249ea3829,35,preference,preference,current,present,2,26,23,
memtraceb-dd27d8ab-kp0035-a33c3-current-present,dd27d8ab-7d2d-acbe-de11-9bc249ea3829,35,preference,preference,current,present,3,36,33,
memtraceb-dd27d8ab-kp0035-a42c4-current-present,dd27d8ab-7d2d-acbe-de11-9bc249ea3829,35,preference,preference,current,present,4,45,42,
memtraceb-dd27d8ab-kp0035-a51c5-current-present,dd27d8ab-7d2d-acbe-de11-9bc249ea3829,35,preference,preference,current,present,5,54,51,
memtraceb-dd27d8ab-kp0035-a60c6-current-present,dd27d8ab-7d2d-acbe-de11-9bc249ea3829,35,preference,preference,current,present,6,63,60,
memtraceb-dd27d8ab-kp0035-a70c7-current-present,dd27d8ab-7d2d-acbe-de11-9bc249ea3829,35,preference,preference,current,present,7,73,70,
memtraceb-dd27d8ab-kp0103-a4c0-current-present,dd27d8ab-7d2d-acbe-de11-9bc249ea3829,103,dynamic,dynamic,current,present,0,8,4,item_stale
memtraceb-dd27d8ab-kp0103-a4c0-historical-present,dd27d8ab-7d2d-acbe-de11-9bc249ea3829,103,dynamic,dynamic,historical,present,0,8,4,retrieval_error
memtraceb-dd27d8ab-kp0103-a4c0-trajectory-present,dd27d8ab-7d2d-acbe-de11-9bc249ea3829,103,dynamic,dynamic,trajectory,present,0,8,4,granularity_error
memtraceb-dd27d8ab-kp0103-a4c0-current-contradicted,dd27d8ab-7d2d-acbe-de11-9bc249ea3829,103,dynamic,conflict_distractor,current,contradicted,0,8,4,item_conflict
memtraceb-dd27d8ab-kp0103-a13c1-current-present,dd27d8ab-7d2d-acbe-de11-9bc249ea3829,103,dynamic,dynamic,current,present,1,17,13,item_stale
memtraceb-dd27d8ab-kp0103-a13c1-historical-present,dd27d8ab-7d2d-acbe-de11-9bc249ea3829,103,dynamic,dynamic,historical,present,1,17,13,retrieval_error
memtraceb-dd27d8ab-kp0103-a13c1-trajectory-present,dd27d8ab-7d2d-acbe-de11-9bc249ea3829,103,dynamic,dynamic,trajectory,present,1,17,13,granularity_error
memtraceb-dd27d8ab-kp0103-a13c1-current-contradicted,dd27d8ab-7d2d-acbe-de11-9bc249ea3829,103,dynamic,conflict_distractor,current,contradicted,1,17,13,item_conflict
memtraceb-dd27d8ab-kp0103-a22c2-current-present,dd27d8ab-7d2d-acbe-de11-9bc249ea3829,103,dynamic,dynamic,current,present,2,26,22,item_stale
memtraceb-dd27d8ab-kp0103-a22c2-historical-present,dd27d8ab-7d2d-acbe-de11-9bc249ea3829,103,dynamic,dynamic,historical,present,2,26,22,retrieval_error
memtraceb-dd27d8ab-kp0103-a22c2-trajectory-present,dd27d8ab-7d2d-acbe-de11-9bc249ea3829,103,dynamic,dynamic,trajectory,present,2,26,22,granularity_error
memtraceb-dd27d8ab-kp0103-a22c2-current-contradicted,dd27d8ab-7d2d-acbe-de11-9bc249ea3829,103,dynamic,conflict_distractor,current,contradicted,2,26,22,item_conflict
memtraceb-dd27d8ab-kp0103-a32c3-current-present,dd27d8ab-7d2d-acbe-de11-9bc249ea3829,103,dynamic,dynamic,current,present,3,36,32,item_stale
memtraceb-dd27d8ab-kp0103-a32c3-historical-present,dd27d8ab-7d2d-acbe-de11-9bc249ea3829,103,dynamic,dynamic,historical,present,3,36,32,retrieval_error
memtraceb-dd27d8ab-kp0103-a32c3-trajectory-present,dd27d8ab-7d2d-acbe-de11-9bc249ea3829,103,dynamic,dynamic,trajectory,present,3,36,32,granularity_error
memtraceb-dd27d8ab-kp0103-a32c3-current-contradicted,dd27d8ab-7d2d-acbe-de11-9bc249ea3829,103,dynamic,conflict_distractor,current,contradicted,3,36,32,item_conflict
memtraceb-dd27d8ab-kp0103-a41c4-current-present,dd27d8ab-7d2d-acbe-de11-9bc249ea3829,103,dynamic,dynamic,current,present,4,45,41,item_stale
memtraceb-dd27d8ab-kp0103-a41c4-historical-present,dd27d8ab-7d2d-acbe-de11-9bc249ea3829,103,dynamic,dynamic,historical,present,4,45,41,retrieval_error
memtraceb-dd27d8ab-kp0103-a41c4-trajectory-present,dd27d8ab-7d2d-acbe-de11-9bc249ea3829,103,dynamic,dynamic,trajectory,present,4,45,41,granularity_error
memtraceb-dd27d8ab-kp0103-a41c4-current-contradicted,dd27d8ab-7d2d-acbe-de11-9bc249ea3829,103,dynamic,conflict_distractor,current,contradicted,4,45,41,item_conflict
memtraceb-dd27d8ab-kp0103-a50c5-current-present,dd27d8ab-7d2d-acbe-de11-9bc249ea3829,103,dynamic,dynamic,current,present,5,54,50,item_stale
memtraceb-dd27d8ab-kp0103-a50c5-historical-present,dd27d8ab-7d2d-acbe-de11-9bc249ea3829,103,dynamic,dynamic,historical,present,5,54,50,retrieval_error
memtraceb-dd27d8ab-kp0103-a50c5-trajectory-present,dd27d8ab-7d2d-acbe-de11-9bc249ea3829,103,dynamic,dynamic,trajectory,present,5,54,50,granularity_error
memtraceb-dd27d8ab-kp0103-a50c5-current-contradicted,dd27d8ab-7d2d-acbe-de11-9bc249ea3829,103,dynamic,conflict_distractor,current,contradicted,5,54,50,item_conflict
memtraceb-dd27d8ab-kp0103-a59c6-current-present,dd27d8ab-7d2d-acbe-de11-9bc249ea3829,103,dynamic,dynamic,current,present,6,63,59,item_stale
memtraceb-dd27d8ab-kp0103-a59c6-historical-present,dd27d8ab-7d2d-acbe-de11-9bc249ea3829,103,dynamic,dynamic,historical,present,6,63,59,retrieval_error
memtraceb-dd27d8ab-kp0103-a59c6-trajectory-present,dd27d8ab-7d2d-acbe-de11-9bc249ea3829,103,dynamic,dynamic,trajectory,present,6,63,59,granularity_error
memtraceb-dd27d8ab-kp0103-a59c6-current-contradicted,dd27d8ab-7d2d-acbe-de11-9bc249ea3829,103,dynamic,conflict_distractor,current,contradicted,6,63,59,item_conflict
memtraceb-dd27d8ab-kp0103-a69c7-current-present,dd27d8ab-7d2d-acbe-de11-9bc249ea3829,103,dynamic,dynamic,current,present,7,73,69,item_stale
memtraceb-dd27d8ab-kp0103-a69c7-historical-present,dd27d8ab-7d2d-acbe-de11-9bc249ea3829,103,dynamic,dynamic,historical,present,7,73,69,retrieval_error
memtraceb-dd27d8ab-kp0103-a69c7-trajectory-present,dd27d8ab-7d2d-acbe-de11-9bc249ea3829,103,dynamic,dynamic,trajectory,present,7,73,69,granularity_error
memtraceb-dd27d8ab-kp0103-a69c7-current-contradicted,dd27d8ab-7d2d-acbe-de11-9bc249ea3829,103,dynamic,conflict_distractor,current,contradicted,7,73,69,item_conflict
memtraceb-dd27d8ab-kp0197-a1c1-current-present,dd27d8ab-7d2d-acbe-de11-9bc249ea3829,197,preference,preference,current,present,1,17,1,
memtraceb-dd27d8ab-kp0197-a10c2-current-present,dd27d8ab-7d2d-acbe-de11-9bc249ea3829,197,preference,preference,current,present,2,26,10,
memtraceb-dd27d8ab-kp0197-a20c3-current-present,dd27d8ab-7d2d-acbe-de11-9bc249ea3829,197,preference,preference,current,present,3,36,20,
memtraceb-dd27d8ab-kp0197-a29c4-current-present,dd27d8ab-7d2d-acbe-de11-9bc249ea3829,197,preference,preference,current,present,4,45,29,
memtraceb-dd27d8ab-kp0197-a38c5-current-present,dd27d8ab-7d2d-acbe-de11-9bc249ea3829,197,preference,preference,current,present,5,54,38,
memtraceb-dd27d8ab-kp0197-a47c6-current-present,dd27d8ab-7d2d-acbe-de11-9bc249ea3829,197,preference,preference,current,present,6,63,47,
memtraceb-dd27d8ab-kp0197-a57c7-current-present,dd27d8ab-7d2d-acbe-de11-9bc249ea3829,197,preference,preference,current,present,7,73,57,
memtraceb-dd27d8ab-kp0340-a2c3-current-present,dd27d8ab-7d2d-acbe-de11-9bc249ea3829,340,dynamic,dynamic,current,present,3,36,2,item_stale
memtraceb-dd27d8ab-kp0340-a2c3-historical-present,dd27d8ab-7d2d-acbe-de11-9bc249ea3829,340,dynamic,dynamic,historical,present,3,36,2,retrieval_error
memtraceb-dd27d8ab-kp0340-a2c3-trajectory-present,dd27d8ab-7d2d-acbe-de11-9bc249ea3829,340,dynamic,dynamic,trajectory,present,3,36,2,granularity_error
memtraceb-dd27d8ab-kp0340-a2c3-current-contradicted,dd27d8ab-7d2d-acbe-de11-9bc249ea3829,340,dynamic,conflict_distractor,current,contradicted,3,36,2,item_conflict
memtraceb-dd27d8ab-kp0340-a11c4-current-present,dd27d8ab-7d2d-acbe-de11-9bc249ea3829,340,dynamic,dynamic,current,present,4,45,11,item_stale
memtraceb-dd27d8ab-kp0340-a11c4-historical-present,dd27d8ab-7d2d-acbe-de11-9bc249ea3829,340,dynamic,dynamic,historical,present,4,45,11,retrieval_error
memtraceb-dd27d8ab-kp0340-a11c4-trajectory-present,dd27d8ab-7d2d-acbe-de11-9bc249ea3829,340,dynamic,dynamic,trajectory,present,4,45,11,granularity_error
memtraceb-dd27d8ab-kp0340-a11c4-current-contradicted,dd27d8ab-7d2d-acbe-de11-9bc249ea3829,340,dynamic,conflict_distractor,current,contradicted,4,45,11,item_conflict
memtraceb-dd27d8ab-kp0340-a20c5-current-present,dd27d8ab-7d2d-acbe-de11-9bc249ea3829,340,dynamic,dynamic,current,present,5,54,20,item_stale
memtraceb-dd27d8ab-kp0340-a20c5-historical-present,dd27d8ab-7d2d-acbe-de11-9bc249ea3829,340,dynamic,dynamic,historical,present,5,54,20,retrieval_error
memtraceb-dd27d8ab-kp0340-a20c5-trajectory-present,dd27d8ab-7d2d-acbe-de11-9bc249ea3829,340,dynamic,dynamic,trajectory,present,5,54,20,granularity_error
memtraceb-dd27d8ab-kp0340-a20c5-current-contradicted,dd27d8ab-7d2d-acbe-de11-9bc249ea3829,340,dynamic,conflict_distractor,current,contradicted,5,54,20,item_conflict
memtraceb-dd27d8ab-kp0340-a29c6-current-present,dd27d8ab-7d2d-acbe-de11-9bc249ea3829,340,dynamic,dynamic,current,present,6,63,29,item_stale
memtraceb-dd27d8ab-kp0340-a29c6-historical-present,dd27d8ab-7d2d-acbe-de11-9bc249ea3829,340,dynamic,dynamic,historical,present,6,63,29,retrieval_error
memtraceb-dd27d8ab-kp0340-a29c6-trajectory-present,dd27d8ab-7d2d-acbe-de11-9bc249ea3829,340,dynamic,dynamic,trajectory,present,6,63,29,granularity_error
memtraceb-dd27d8ab-kp0340-a29c6-current-contradicted,dd27d8ab-7d2d-acbe-de11-9bc249ea3829,340,dynamic,conflict_distractor,current,contradicted,6,63,29,item_conflict
memtraceb-dd27d8ab-kp0340-a39c7-current-present,dd27d8ab-7d2d-acbe-de11-9bc249ea3829,340,dynamic,dynamic,current,present,7,73,39,item_stale
memtraceb-dd27d8ab-kp0340-a39c7-historical-present,dd27d8ab-7d2d-acbe-de11-9bc249ea3829,340,dynamic,dynamic,historical,present,7,73,39,retrieval_error
memtraceb-dd27d8ab-kp0340-a39c7-trajectory-present,dd27d8ab-7d2d-acbe-de11-9bc249ea3829,340,dynamic,dynamic,trajectory,present,7,73,39,granularity_error
memtraceb-dd27d8ab-kp0340-a39c7-current-contradicted,dd27d8ab-7d2d-acbe-de11-9bc249ea3829,340,dynamic,conflict_distractor,current,contradicted,7,73,39,item_conflict
memtraceb-dd27d8ab-kp0343-a2c3-current-present,dd27d8ab-7d2d-acbe-de11-9bc249ea3829,343,static,static,current,present,3,36,2,
memtraceb-dd27d8ab-kp0343-a11c4-current-present,dd27d8ab-7d2d-acbe-de11-9bc249ea3829,343,static,static,current,present,4,45,11,
memtraceb-dd27d8ab-kp0343-a20c5-current-present,dd27d8ab-7d2d-acbe-de11-9bc249ea3829,343,static,static,current,present,5,54,20,
memtraceb-dd27d8ab-kp0343-a29c6-current-present,dd27d8ab-7d2d-acbe-de11-9bc249ea3829,343,static,static,current,present,6,63,29,
memtraceb-dd27d8ab-kp0343-a39c7-current-present,dd27d8ab-7d2d-acbe-de11-9bc249ea3829,343,static,static,current,present,7,73,39,
memtraceb-dd27d8ab-bdbeveragepreference-a8c0-current-missing,dd27d8ab-7d2d-acbe-de11-9bc249ea3829,,boundary,boundary_distractor,current,missing,0,8,8,safety_error
memtraceb-dd27d8ab-bdbeveragepreference-a17c1-current-missing,dd27d8ab-7d2d-acbe-de11-9bc249ea3829,,boundary,boundary_distractor,current,missing,1,17,17,safety_error
memtraceb-dd27d8ab-bdbeveragepreference-a26c2-current-missing,dd27d8ab-7d2d-acbe-de11-9bc249ea3829,,boundary,boundary_distractor,current,missing,2,26,26,safety_error
memtraceb-dd27d8ab-bdbeveragepreference-a36c3-current-missing,dd27d8ab-7d2d-acbe-de11-9bc249ea3829,,boundary,boundary_distractor,current,missing,3,36,36,safety_error
memtraceb-dd27d8ab-bdbeveragepreference-a45c4-current-missing,dd27d8ab-7d2d-acbe-de11-9bc249ea3829,,boundary,boundary_distractor,current,missing,4,45,45,safety_error
memtraceb-dd27d8ab-bdbeveragepreference-a54c5-current-missing,dd27d8ab-7d2d-acbe-de11-9bc249ea3829,,boundary,boundary_distractor,current,missing,5,54,54,safety_error
memtraceb-dd27d8ab-bdbeveragepreference-a63c6-current-missing,dd27d8ab-7d2d-acbe-de11-9bc249ea3829,,boundary,boundary_distractor,current,missing,6,63,63,safety_error
memtraceb-dd27d8ab-bdbeveragepreference-a73c7-current-missing,dd27d8ab-7d2d-acbe-de11-9bc249ea3829,,boundary,boundary_distractor,current,missing,7,73,73,safety_error
memtraceb-dd27d8ab-bdreadingpreference-a8c0-current-missing,dd27d8ab-7d2d-acbe-de11-9bc249ea3829,,boundary,boundary_distractor,current,missing,0,8,8,safety_error
memtraceb-dd27d8ab-bdreadingpreference-a17c1-current-missing,dd27d8ab-7d2d-acbe-de11-9bc249ea3829,,boundary,boundary_distractor,current,missing,1,17,17,safety_error
memtraceb-dd27d8ab-bdreadingpreference-a26c2-current-missing,dd27d8ab-7d2d-acbe-de11-9bc249ea3829,,boundary,boundary_distractor,current,missing,2,26,26,safety_error
memtraceb-dd27d8ab-bdreadingpreference-a36c3-current-missing,dd27d8ab-7d2d-acbe-de11-9bc249ea3829,,boundary,boundary_distractor,current,missing,3,36,36,safety_error
memtraceb-dd27d8ab-bdreadingpreference-a45c4-current-missing,dd27d8ab-7d2d-acbe-de11-9bc249ea3829,,boundary,boundary_distractor,current,missing,4,45,45,safety_error
memtraceb-dd27d8ab-bdreadingpreference-a54c5-current-missing,dd27d8ab-7d2d-acbe-de11-9bc249ea3829,,boundary,boundary_distractor,current,missing,5,54,54,safety_error
memtraceb-dd27d8ab-bdreadingpreference-a63c6-current-missing,dd27d8ab-7d2d-acbe-de11-9bc249ea3829,,boundary,boundary_distractor,current,missing,6,63,63,safety_error
memtraceb-dd27d8ab-bdreadingpreference-a73c7-current-missing,dd27d8ab-7d2d-acbe-de11-9bc249ea3829,,boundary,boundary_distractor,current,missing,7,73,73,safety_error
memtraceb-d850d98b-kp0000-a6c0-current-present,d850d98b-ba45-3fd5-e3fa-2104b6724e10,0,static,static,current,present,0,6,6,
memtraceb-d850d98b-kp0000-a13c1-current-present,d850d98b-ba45-3fd5-e3fa-2104b6724e10,0,static,static,current,present,1,13,13,
memtraceb-d850d98b-kp0000-a20c2-current-present,d850d98b-ba45-3fd5-e3fa-2104b6724e10,0,static,static,current,present,2,20,20,
memtraceb-d850d98b-kp0000-a28c3-current-present,d850d98b-ba45-3fd5-e3fa-2104b6724e10,0,static,static,current,present,3,28,28,
memtraceb-d850d98b-kp0000-a35c4-current-present,d850d98b-ba45-3fd5-e3fa-2104b6724e10,0,static,static,current,present,4,35,35,
memtraceb-d850d98b-kp0000-a42c5-current-present,d850d98b-ba45-3fd5-e3fa-2104b6724e10,0,static,static,current,present,5,42,42,
memtraceb-d850d98b-kp0000-a49c6-current-present,d850d98b-ba45-3fd5-e3fa-2104b6724e10,0,static,static,current,present,6,49,49,
memtraceb-d850d98b-kp0000-a57c7-current-present,d850d98b-ba45-3fd5-e3fa-2104b6724e10,0,static,static,current,present,7,57,57,
memtraceb-d850d98b-kp0028-a4c0-current-present,d850d98b-ba45-3fd5-e3fa-2104b6724e10,28,preference,preference,current,present,0,6,4,
memtraceb-d850d98b-kp0028-a11c1-current-present,d850d98b-ba45-3fd5-e3fa-2104b6724e10,28,preference,preference,current,present,1,13,11,
memtraceb-d850d98b-kp0028-a18c2-current-present,d850d98b-ba45-3fd5-e3fa-2104b6724e10,28,preference,preference,current,present,2,20,18,
memtraceb-d850d98b-kp0028-a26c3-current-present,d850d98b-ba45-3fd5-e3fa-2104b6724e10,28,preference,preference,current,present,3,28,26,
memtraceb-d850d98b-kp0028-a33c4-current-present,d850d98b-ba45-3fd5-e3fa-2104b6724e10,28,preference,preference,current,present,4,35,33,
memtraceb-d850d98b-kp0028-a40c5-current-present,d850d98b-ba45-3fd5-e3fa-2104b6724e10,28,preference,preference,current,present,5,42,40,
memtraceb-d850d98b-kp0028-a47c6-current-present,d850d98b-ba45-3fd5-e3fa-2104b6724e10,28,preference,preference,current,present,6,49,47,
memtraceb-d850d98b-kp0028-a55c7-current-present,d850d98b-ba45-3fd5-e3fa-2104b6724e10,28,preference,preference,current,present,7,57,55,
memtraceb-d850d98b-kp0082-a3c0-current-present,d850d98b-ba45-3fd5-e3fa-2104b6724e10,82,dynamic,dynamic,current,present,0,6,3,item_stale
memtraceb-d850d98b-kp0082-a3c0-historical-present,d850d98b-ba45-3fd5-e3fa-2104b6724e10,82,dynamic,dynamic,historical,present,0,6,3,retrieval_error
memtraceb-d850d98b-kp0082-a3c0-trajectory-present,d850d98b-ba45-3fd5-e3fa-2104b6724e10,82,dynamic,dynamic,trajectory,present,0,6,3,granularity_error
memtraceb-d850d98b-kp0082-a3c0-current-contradicted,d850d98b-ba45-3fd5-e3fa-2104b6724e10,82,dynamic,conflict_distractor,current,contradicted,0,6,3,item_conflict
memtraceb-d850d98b-kp0082-a10c1-current-present,d850d98b-ba45-3fd5-e3fa-2104b6724e10,82,dynamic,dynamic,current,present,1,13,10,item_stale
memtraceb-d850d98b-kp0082-a10c1-historical-present,d850d98b-ba45-3fd5-e3fa-2104b6724e10,82,dynamic,dynamic,historical,present,1,13,10,retrieval_error
memtraceb-d850d98b-kp0082-a10c1-trajectory-present,d850d98b-ba45-3fd5-e3fa-2104b6724e10,82,dynamic,dynamic,trajectory,present,1,13,10,granularity_error
memtraceb-d850d98b-kp0082-a10c1-current-contradicted,d850d98b-ba45-3fd5-e3fa-2104b6724e10,82,dynamic,conflict_distractor,current,contradicted,1,13,10,item_conflict
memtraceb-d850d98b-kp0082-a17c2-current-present,d850d98b-ba45-3fd5-e3fa-2104b6724e10,82,dynamic,dynamic,current,present,2,20,17,item_stale
memtraceb-d850d98b-kp0082-a17c2-historical-present,d850d98b-ba45-3fd5-e3fa-2104b6724e10,82,dynamic,dynamic,historical,present,2,20,17,retrieval_error
memtraceb-d850d98b-kp0082-a17c2-trajectory-present,d850d98b-ba45-3fd5-e3fa-2104b6724e10,82,dynamic,dynamic,trajectory,present,2,20,17,granularity_error
memtraceb-d850d98b-kp0082-a17c2-current-contradicted,d850d98b-ba45-3fd5-e3fa-2104b6724e10,82,dynamic,conflict_distractor,current,contradicted,2,20,17,item_conflict
memtraceb-d850d98b-kp0082-a25c3-current-present,d850d98b-ba45-3fd5-e3fa-2104b6724e10,82,dynamic,dynamic,current,present,3,28,25,item_stale
memtraceb-d850d98b-kp0082-a25c3-historical-present,d850d98b-ba45-3fd5-e3fa-2104b6724e10,82,dynamic,dynamic,historical,present,3,28,25,retrieval_error
memtraceb-d850d98b-kp0082-a25c3-trajectory-present,d850d98b-ba45-3fd5-e3fa-2104b6724e10,82,dynamic,dynamic,trajectory,present,3,28,25,granularity_error
memtraceb-d850d98b-kp0082-a25c3-current-contradicted,d850d98b-ba45-3fd5-e3fa-2104b6724e10,82,dynamic,conflict_distractor,current,contradicted,3,28,25,item_conflict
memtraceb-d850d98b-kp0082-a32c4-current-present,d850d98b-ba45-3fd5-e3fa-2104b6724e10,82,dynamic,dynamic,current,present,4,35,32,item_stale
memtraceb-d850d98b-kp0082-a32c4-historical-present,d850d98b-ba45-3fd5-e3fa-2104b6724e10,82,dynamic,dynamic,historical,present,4,35,32,retrieval_error
memtraceb-d850d98b-kp0082-a32c4-trajectory-present,d850d98b-ba45-3fd5-e3fa-2104b6724e10,82,dynamic,dynamic,trajectory,present,4,35,32,granularity_error
memtraceb-d850d98b-kp0082-a32c4-current-contradicted,d850d98b-ba45-3fd5-e3fa-2104b6724e10,82,dynamic,conflict_distractor,current,contradicted,4,35,32,item_conflict
memtraceb-d850d98b-kp0082-a39c5-current-present,d850d98b-ba45-3fd5-e3fa-2104b6724e10,82,dynamic,dynamic,current,present,5,42,39,item_stale
memtraceb-d850d98b-kp0082-a39c5-historical-present,d850d98b-ba45-3fd5-e3fa-2104b6724e10,82,dynamic,dynamic,historical,present,5,42,39,retrieval_error
memtraceb-d850d98b-kp0082-a39c5-trajectory-present,d850d98b-ba45-3fd5-e3fa-2104b6724e10,82,dynamic,dynamic,trajectory,present,5,42,39,granularity_error
memtraceb-d850d98b-kp0082-a39c5-current-contradicted,d850d98b-ba45-3fd5-e3fa-2104b6724e10,82,dynamic,conflict_distractor,current,contradicted,5,42,39,item_conflict
memtraceb-d850d98b-kp0082-a46c6-current-present,d850d98b-ba45-3fd5-e3fa-2104b6724e10,82,dynamic,dynamic,current,present,6,49,46,item_stale
memtraceb-d850d98b-kp0082-a46c6-historical-present,d850d98b-ba45-3fd5-e3fa-2104b6724e10,82,dynamic,dynamic,historical,present,6,49,46,retrieval_error
memtraceb-d850d98b-kp0082-a46c6-trajectory-present,d850d98b-ba45-3fd5-e3fa-2104b6724e10,82,dynamic,dynamic,trajectory,present,6,49,46,granularity_error
memtraceb-d850d98b-kp0082-a46c6-current-contradicted,d850d98b-ba45-3fd5-e3fa-2104b6724e10,82,dynamic,conflict_distractor,current,contradicted,6,49,46,item_conflict
memtraceb-d850d98b-kp0082-a54c7-current-present,d850d98b-ba45-3fd5-e3fa-2104b6724e10,82,dynamic,dynamic,current,present,7,57,54,item_stale
memtraceb-d850d98b-kp0082-a54c7-historical-present,d850d98b-ba45-3fd5-e3fa-2104b6724e10,82,dynamic,dynamic,historical,present,7,57,54,retrieval_error
memtraceb-d850d98b-kp0082-a54c7-trajectory-present,d850d98b-ba45-3fd5-e3fa-2104b6724e10,82,dynamic,dynamic,trajectory,present,7,57,54,granularity_error
memtraceb-d850d98b-kp0082-a54c7-current-contradicted,d850d98b-ba45-3fd5-e3fa-2104b6724e10,82,dynamic,conflict_distractor,current,contradicted,7,57,54,item_conflict
memtraceb-d850d98b-kp0200-a1c2-current-present,d850d98b-ba45-3fd5-e3fa-2104b6724e10,200,preference,preference,current,present,2,20,1,
memtraceb-d850d98b-kp0200-a9c3-current-present,d850d98b-ba45-3fd5-e3fa-2104b6724e10,200,preference,preference,current,present,3,28,9,
memtraceb-d850d98b-kp0200-a16c4-current-present,d850d98b-ba45-3fd5-e3fa-2104b6724e10,200,preference,preference,current,present,4,35,16,
memtraceb-d850d98b-kp0200-a23c5-current-present,d850d98b-ba45-3fd5-e3fa-2104b6724e10,200,preference,preference,current,present,5,42,23,
memtraceb-d850d98b-kp0200-a30c6-current-present,d850d98b-ba45-3fd5-e3fa-2104b6724e10,200,preference,preference,current,present,6,49,30,
memtraceb-d850d98b-kp0200-a38c7-current-present,d850d98b-ba45-3fd5-e3fa-2104b6724e10,200,preference,preference,current,present,7,57,38,
memtraceb-d850d98b-kp0261-a1c3-current-present,d850d98b-ba45-3fd5-e3fa-2104b6724e10,261,static,static,current,present,3,28,1,
memtraceb-d850d98b-kp0261-a8c4-current-present,d850d98b-ba45-3fd5-e3fa-2104b6724e10,261,static,static,current,present,4,35,8,
memtraceb-d850d98b-kp0261-a15c5-current-present,d850d98b-ba45-3fd5-e3fa-2104b6724e10,261,static,static,current,present,5,42,15,
memtraceb-d850d98b-kp0261-a22c6-current-present,d850d98b-ba45-3fd5-e3fa-2104b6724e10,261,static,static,current,present,6,49,22,
memtraceb-d850d98b-kp0261-a30c7-current-present,d850d98b-ba45-3fd5-e3fa-2104b6724e10,261,static,static,current,present,7,57,30,
memtraceb-d850d98b-kp0275-a6c4-current-present,d850d98b-ba45-3fd5-e3fa-2104b6724e10,275,dynamic,dynamic,current,present,4,35,6,item_stale
memtraceb-d850d98b-kp0275-a6c4-historical-present,d850d98b-ba45-3fd5-e3fa-2104b6724e10,275,dynamic,dynamic,historical,present,4,35,6,retrieval_error
memtraceb-d850d98b-kp0275-a6c4-trajectory-present,d850d98b-ba45-3fd5-e3fa-2104b6724e10,275,dynamic,dynamic,trajectory,present,4,35,6,granularity_error
memtraceb-d850d98b-kp0275-a6c4-current-contradicted,d850d98b-ba45-3fd5-e3fa-2104b6724e10,275,dynamic,conflict_distractor,current,contradicted,4,35,6,item_conflict
memtraceb-d850d98b-kp0275-a13c5-current-present,d850d98b-ba45-3fd5-e3fa-2104b6724e10,275,dynamic,dynamic,current,present,5,42,13,item_stale
memtraceb-d850d98b-kp0275-a13c5-historical-present,d850d98b-ba45-3fd5-e3fa-2104b6724e10,275,dynamic,dynamic,historical,present,5,42,13,retrieval_error
memtraceb-d850d98b-kp0275-a13c5-trajectory-present,d850d98b-ba45-3fd5-e3fa-2104b6724e10,275,dynamic,dynamic,trajectory,present,5,42,13,granularity_error
memtraceb-d850d98b-kp0275-a13c5-current-contradicted,d850d98b-ba45-3fd5-e3fa-2104b6724e10,275,dynamic,conflict_distractor,current,contradicted,5,42,13,item_conflict
memtraceb-d850d98b-kp0275-a20c6-current-present,d850d98b-ba45-3fd5-e3fa-2104b6724e10,275,dynamic,dynamic,current,present,6,49,20,item_stale
memtraceb-d850d98b-kp0275-a20c6-historical-present,d850d98b-ba45-3fd5-e3fa-2104b6724e10,275,dynamic,dynamic,historical,present,6,49,20,retrieval_error
memtraceb-d850d98b-kp0275-a20c6-trajectory-present,d850d98b-ba45-3fd5-e3fa-2104b6724e10,275,dynamic,dynamic,trajectory,present,6,49,20,granularity_error
memtraceb-d850d98b-kp0275-a20c6-current-contradicted,d850d98b-ba45-3fd5-e3fa-2104b6724e10,275,dynamic,conflict_distractor,current,contradicted,6,49,20,item_conflict
memtraceb-d850d98b-kp0275-a28c7-current-present,d850d98b-ba45-3fd5-e3fa-2104b6724e10,275,dynamic,dynamic,current,present,7,57,28,item_stale
memtraceb-d850d98b-kp0275-a28c7-historical-present,d850d98b-ba45-3fd5-e3fa-2104b6724e10,275,dynamic,dynamic,historical,present,7,57,28,retrieval_error
memtraceb-d850d98b-kp0275-a28c7-trajectory-present,d850d98b-ba45-3fd5-e3fa-2104b6724e10,275,dynamic,dynamic,trajectory,present,7,57,28,granularity_error
memtraceb-d850d98b-kp0275-a28c7-current-contradicted,d850d98b-ba45-3fd5-e3fa-2104b6724e10,275,dynamic,conflict_distractor,current,contradicted,7,57,28,item_conflict
memtraceb-d850d98b-bdfoodpreference-a6c0-current-missing,d850d98b-ba45-3fd5-e3fa-2104b6724e10,,boundary,boundary_distractor,current,missing,0,6,6,safety_error
memtraceb-d850d98b-bdfoodpreference-a13c1-current-missing,d850d98b-ba45-3fd5-e3fa-2104b6724e10,,boundary,boundary_distractor,current,missing,1,13,13,safety_error
memtraceb-d850d98b-bdfoodpreference-a20c2-current-missing,d850d98b-ba45-3fd5-e3fa-2104b6724e10,,boundary,boundary_distractor,current,missing,2,20,20,safety_error
memtraceb-d850d98b-bdfoodpreference-a28c3-current-missing,d850d98b-ba45-3fd5-e3fa-2104b6724e10,,boundary,boundary_distractor,current,missing,3,28,28,safety_error
memtraceb-d850d98b-bdfoodpreference-a35c4-current-missing,d850d98b-ba45-3fd5-e3fa-2104b6724e10,,boundary,boundary_distractor,current,missing,4,35,35,safety_error
memtraceb-d850d98b-bdfoodpreference-a42c5-current-missing,d850d98b-ba45-3fd5-e3fa-2104b6724e10,,boundary,boundary_distractor,current,missing,5,42,42,safety_error
memtraceb-d850d98b-bdfoodpreference-a49c6-current-missing,d850d98b-ba45-3fd5-e3fa-2104b6724e10,,boundary,boundary_distractor,current,missing,6,49,49,safety_error
memtraceb-d850d98b-bdfoodpreference-a57c7-current-missing,d850d98b-ba45-3fd5-e3fa-2104b6724e10,,boundary,boundary_distractor,current,missing,7,57,57,safety_error
memtraceb-d850d98b-bdmoviepreference-a6c0-current-missing,d850d98b-ba45-3fd5-e3fa-2104b6724e10,,boundary,boundary_distractor,current,missing,0,6,6,safety_error
memtraceb-d850d98b-bdmoviepreference-a13c1-current-missing,d850d98b-ba45-3fd5-e3fa-2104b6724e10,,boundary,boundary_distractor,current,missing,1,13,13,safety_error
memtraceb-d850d98b-bdmoviepreference-a20c2-current-missing,d850d98b-ba45-3fd5-e3fa-2104b6724e10,,boundary,boundary_distractor,current,missing,2,20,20,safety_error
memtraceb-d850d98b-bdmoviepreference-a28c3-current-missing,d850d98b-ba45-3fd5-e3fa-2104b6724e10,,boundary,boundary_distractor,current,missing,3,28,28,safety_error
memtraceb-d850d98b-bdmoviepreference-a35c4-current-missing,d850d98b-ba45-3fd5-e3fa-2104b6724e10,,boundary,boundary_distractor,current,missing,4,35,35,safety_error
memtraceb-d850d98b-bdmoviepreference-a42c5-current-missing,d850d98b-ba45-3fd5-e3fa-2104b6724e10,,boundary,boundary_distractor,current,missing,5,42,42,safety_error
memtraceb-d850d98b-bdmoviepreference-a49c6-current-missing,d850d98b-ba45-3fd5-e3fa-2104b6724e10,,boundary,boundary_distractor,current,missing,6,49,49,safety_error
memtraceb-d850d98b-bdmoviepreference-a57c7-current-missing,d850d98b-ba45-3fd5-e3fa-2104b6724e10,,boundary,boundary_distractor,current,missing,7,57,57,safety_error
memtraceb-d850d98b-bdmusicpreference-a6c0-current-missing,d850d98b-ba45-3fd5-e3fa-2104b6724e10,,boundary,boundary_distractor,current,missing,0,6,6,safety_error
memtraceb-d850d98b-bdmusicpreference-a13c1-current-missing,d850d98b-ba45-3fd5-e3fa-2104b6724e10,,boundary,boundary_distractor,current,missing,1,13,13,safety_error
memtraceb-d850d98b-bdmusicpreference-a20c2-current-missing,d850d98b-ba45-3fd5-e3fa-2104b6724e10,,boundary,boundary_distractor,current,missing,2,20,20,safety_error
memtraceb-d850d98b-bdmusicpreference-a28c3-current-missing,d850d98b-ba45-3fd5-e3fa-2104b6724e10,,boundary,boundary_distractor,current,missing,3,28,28,safety_error
memtraceb-d850d98b-bdmusicpreference-a35c4-current-missing,d850d98b-ba45-3fd5-e3fa-2104b6724e10,,boundary,boundary_distractor,current,missing,4,35,35,safety_error
memtraceb-d850d98b-bdmusicpreference-a42c5-current-missing,d850d98b-ba45-3fd5-e3fa-2104b6724e10,,boundary,boundary_distractor,current,missing,5,42,42,safety_error
memtraceb-d850d98b-bdmusicpreference-a49c6-current-missing,d850d98b-ba45-3fd5-e3fa-2104b6724e10,,boundary,boundary_distractor,current,missing,6,49,49,safety_error
memtraceb-d850d98b-bdmusicpreference-a57c7-current-missing,d850d98b-ba45-3fd5-e3fa-2104b6724e10,,boundary,boundary_distractor,current,missing,7,57,57,safety_error
memtraceb-d850d98b-bdsportspreference-a6c0-current-missing,d850d98b-ba45-3fd5-e3fa-2104b6724e10,,boundary,boundary_distractor,current,missing,0,6,6,safety_error
memtraceb-d850d98b-bdsportspreference-a13c1-current-missing,d850d98b-ba45-3fd5-e3fa-2104b6724e10,,boundary,boundary_distractor,current,missing,1,13,13,safety_error
memtraceb-d850d98b-bdsportspreference-a20c2-current-missing,d850d98b-ba45-3fd5-e3fa-2104b6724e10,,boundary,boundary_distractor,current,missing,2,20,20,safety_error
memtraceb-d850d98b-bdsportspreference-a28c3-current-missing,d850d98b-ba45-3fd5-e3fa-2104b6724e10,,boundary,boundary_distractor,current,missing,3,28,28,safety_error
memtraceb-d850d98b-bdsportspreference-a35c4-current-missing,d850d98b-ba45-3fd5-e3fa-2104b6724e10,,boundary,boundary_distractor,current,missing,4,35,35,safety_error
memtraceb-d850d98b-bdsportspreference-a42c5-current-missing,d850d98b-ba45-3fd5-e3fa-2104b6724e10,,boundary,boundary_distractor,current,missing,5,42,42,safety_error
memtraceb-d850d98b-bdsportspreference-a49c6-current-missing,d850d98b-ba45-3fd5-e3fa-2104b6724e10,,boundary,boundary_distractor,current,missing,6,49,49,safety_error
memtraceb-d850d98b-bdsportspreference-a57c7-current-missing,d850d98b-ba45-3fd5-e3fa-2104b6724e10,,boundary,boundary_distractor,current,missing,7,57,57,safety_error
memtraceb-2e36c193-kp0000-a8c0-current-present,2e36c193-a605-8cc7-70ff-80b2336d4980,0,static,static,current,present,0,8,8,
memtraceb-2e36c193-kp0000-a17c1-current-present,2e36c193-a605-8cc7-70ff-80b2336d4980,0,static,static,current,present,1,17,17,
memtraceb-2e36c193-kp0000-a26c2-current-present,2e36c193-a605-8cc7-70ff-80b2336d4980,0,static,static,current,present,2,26,26,
memtraceb-2e36c193-kp0000-a35c3-current-present,2e36c193-a605-8cc7-70ff-80b2336d4980,0,static,static,current,present,3,35,35,
memtraceb-2e36c193-kp0000-a44c4-current-present,2e36c193-a605-8cc7-70ff-80b2336d4980,0,static,static,current,present,4,44,44,
memtraceb-2e36c193-kp0000-a53c5-current-present,2e36c193-a605-8cc7-70ff-80b2336d4980,0,static,static,current,present,5,53,53,
memtraceb-2e36c193-kp0000-a62c6-current-present,2e36c193-a605-8cc7-70ff-80b2336d4980,0,static,static,current,present,6,62,62,
memtraceb-2e36c193-kp0000-a71c7-current-present,2e36c193-a605-8cc7-70ff-80b2336d4980,0,static,static,current,present,7,71,71,
memtraceb-2e36c193-kp0022-a6c0-current-present,2e36c193-a605-8cc7-70ff-80b2336d4980,22,preference,preference,current,present,0,8,6,
memtraceb-2e36c193-kp0022-a15c1-current-present,2e36c193-a605-8cc7-70ff-80b2336d4980,22,preference,preference,current,present,1,17,15,
memtraceb-2e36c193-kp0022-a24c2-current-present,2e36c193-a605-8cc7-70ff-80b2336d4980,22,preference,preference,current,present,2,26,24,
memtraceb-2e36c193-kp0022-a33c3-current-present,2e36c193-a605-8cc7-70ff-80b2336d4980,22,preference,preference,current,present,3,35,33,
memtraceb-2e36c193-kp0022-a42c4-current-present,2e36c193-a605-8cc7-70ff-80b2336d4980,22,preference,preference,current,present,4,44,42,
memtraceb-2e36c193-kp0022-a51c5-current-present,2e36c193-a605-8cc7-70ff-80b2336d4980,22,preference,preference,current,present,5,53,51,
memtraceb-2e36c193-kp0022-a60c6-current-present,2e36c193-a605-8cc7-70ff-80b2336d4980,22,preference,preference,current,present,6,62,60,
memtraceb-2e36c193-kp0022-a69c7-current-present,2e36c193-a605-8cc7-70ff-80b2336d4980,22,preference,preference,current,present,7,71,69,
memtraceb-2e36c193-kp0089-a5c0-current-present,2e36c193-a605-8cc7-70ff-80b2336d4980,89,dynamic,dynamic,current,present,0,8,5,item_stale
memtraceb-2e36c193-kp0089-a5c0-historical-present,2e36c193-a605-8cc7-70ff-80b2336d4980,89,dynamic,dynamic,historical,present,0,8,5,retrieval_error
memtraceb-2e36c193-kp0089-a5c0-trajectory-present,2e36c193-a605-8cc7-70ff-80b2336d4980,89,dynamic,dynamic,trajectory,present,0,8,5,granularity_error
memtraceb-2e36c193-kp0089-a5c0-current-contradicted,2e36c193-a605-8cc7-70ff-80b2336d4980,89,dynamic,conflict_distractor,current,contradicted,0,8,5,item_conflict
memtraceb-2e36c193-kp0089-a14c1-current-present,2e36c193-a605-8cc7-70ff-80b2336d4980,89,dynamic,dynamic,current,present,1,17,14,item_stale
memtraceb-2e36c193-kp0089-a14c1-historical-present,2e36c193-a605-8cc7-70ff-80b2336d4980,89,dynamic,dynamic,historical,present,1,17,14,retrieval_error
memtraceb-2e36c193-kp0089-a14c1-trajectory-present,2e36c193-a605-8cc7-70ff-80b2336d4980,89,dynamic,dynamic,trajectory,present,1,17,14,granularity_error
memtraceb-2e36c193-kp0089-a14c1-current-contradicted,2e36c193-a605-8cc7-70ff-80b2336d4980,89,dynamic,conflict_distractor,current,contradicted,1,17,14,item_conflict
memtraceb-2e36c193-kp0089-a23c2-current-present,2e36c193-a605-8cc7-70ff-80b2336d4980,89,dynamic,dynamic,current,present,2,26,23,item_stale
memtraceb-2e36c193-kp0089-a23c2-historical-present,2e36c193-a605-8cc7-70ff-80b2336d4980,89,dynamic,dynamic,historical,present,2,26,23,retrieval_error
memtraceb-2e36c193-kp0089-a23c2-trajectory-present,2e36c193-a605-8cc7-70ff-80b2336d4980,89,dynamic,dynamic,trajectory,present,2,26,23,granularity_error
memtraceb-2e36c193-kp0089-a23c2-current-contradicted,2e36c193-a605-8cc7-70ff-80b2336d4980,89,dynamic,conflict_distractor,current,contradicted,2,26,23,item_conflict
memtraceb-2e36c193-kp0089-a32c3-current-present,2e36c193-a605-8cc7-70ff-80b2336d4980,89,dynamic,dynamic,current,present,3,35,32,item_stale
memtraceb-2e36c193-kp0089-a32c3-historical-present,2e36c193-a605-8cc7-70ff-80b2336d4980,89,dynamic,dynamic,historical,present,3,35,32,retrieval_error
memtraceb-2e36c193-kp0089-a32c3-trajectory-present,2e36c193-a605-8cc7-70ff-80b2336d4980,89,dynamic,dynamic,trajectory,present,3,35,32,granularity_error
memtraceb-2e36c193-kp0089-a32c3-current-contradicted,2e36c193-a605-8cc7-70ff-80b2336d4980,89,dynamic,conflict_distractor,current,contradicted,3,35,32,item_conflict
memtraceb-2e36c193-kp0089-a41c4-current-present,2e36c193-a605-8cc7-70ff-80b2336d4980,89,dynamic,dynamic,current,present,4,44,41,item_stale
memtraceb-2e36c193-kp0089-a41c4-historical-present,2e36c193-a605-8cc7-70ff-80b2336d4980,89,dynamic,dynamic,historical,present,4,44,41,retrieval_error
memtraceb-2e36c193-kp0089-a41c4-trajectory-present,2e36c193-a605-8cc7-70ff-80b2336d4980,89,dynamic,dynamic,trajectory,present,4,44,41,granularity_error
memtraceb-2e36c193-kp0089-a41c4-current-contradicted,2e36c193-a605-8cc7-70ff-80b2336d4980,89,dynamic,conflict_distractor,current,contradicted,4,44,41,item_conflict
memtraceb-2e36c193-kp0089-a50c5-current-present,2e36c193-a605-8cc7-70ff-80b2336d4980,89,dynamic,dynamic,current,present,5,53,50,item_stale
memtraceb-2e36c193-kp0089-a50c5-historical-present,2e36c193-a605-8cc7-70ff-80b2336d4980,89,dynamic,dynamic,historical,present,5,53,50,retrieval_error
memtraceb-2e36c193-kp0089-a50c5-trajectory-present,2e36c193-a605-8cc7-70ff-80b2336d4980,89,dynamic,dynamic,trajectory,present,5,53,50,granularity_error
memtraceb-2e36c193-kp0089-a50c5-current-contradicted,2e36c193-a605-8cc7-70ff-80b2336d4980,89,dynamic,conflict_distractor,current,contradicted,5,53,50,item_conflict
memtraceb-2e36c193-kp0089-a59c6-current-present,2e36c193-a605-8cc7-70ff-80b2336d4980,89,dynamic,dynamic,current,present,6,62,59,item_stale
memtraceb-2e36c193-kp0089-a59c6-historical-present,2e36c193-a605-8cc7-70ff-80b2336d4980,89,dynamic,dynamic,historical,present,6,62,59,retrieval_error
memtraceb-2e36c193-kp0089-a59c6-trajectory-present,2e36c193-a605-8cc7-70ff-80b2336d4980,89,dynamic,dynamic,trajectory,present,6,62,59,granularity_error
memtraceb-2e36c193-kp0089-a59c6-current-contradicted,2e36c193-a605-8cc7-70ff-80b2336d4980,89,dynamic,conflict_distractor,current,contradicted,6,62,59,item_conflict
memtraceb-2e36c193-kp0089-a68c7-current-present,2e36c193-a605-8cc7-70ff-80b2336d4980,89,dynamic,dynamic,current,present,7,71,68,item_stale
memtraceb-2e36c193-kp0089-a68c7-historical-present,2e36c193-a605-8cc7-70ff-80b2336d4980,89,dynamic,dynamic,historical,present,7,71,68,retrieval_error
memtraceb-2e36c193-kp0089-a68c7-trajectory-present,2e36c193-a605-8cc7-70ff-80b2336d4980,89,dynamic,dynamic,trajectory,present,7,71,68,granularity_error
memtraceb-2e36c193-kp0089-a68c7-current-contradicted,2e36c193-a605-8cc7-70ff-80b2336d4980,89,dynamic,conflict_distractor,current,contradicted,7,71,68,item_conflict
memtraceb-2e36c193-kp0154-a7c1-current-present,2e36c193-a605-8cc7-70ff-80b2336d4980,154,preference,preference,current,present,1,17,7,
memtraceb-2e36c193-kp0154-a16c2-current-present,2e36c193-a605-8cc7-70ff-80b2336d4980,154,preference,preference,current,present,2,26,16,
memtraceb-2e36c193-kp0154-a25c3-current-present,2e36c193-a605-8cc7-70ff-80b2336d4980,154,preference,preference,current,present,3,35,25,
memtraceb-2e36c193-kp0154-a34c4-current-present,2e36c193-a605-8cc7-70ff-80b2336d4980,154,preference,preference,current,present,4,44,34,
memtraceb-2e36c193-kp0154-a43c5-current-present,2e36c193-a605-8cc7-70ff-80b2336d4980,154,preference,preference,current,present,5,53,43,
memtraceb-2e36c193-kp0154-a52c6-current-present,2e36c193-a605-8cc7-70ff-80b2336d4980,154,preference,preference,current,present,6,62,52,
memtraceb-2e36c193-kp0154-a61c7-current-present,2e36c193-a605-8cc7-70ff-80b2336d4980,154,preference,preference,current,present,7,71,61,
memtraceb-2e36c193-kp0340-a2c3-current-present,2e36c193-a605-8cc7-70ff-80b2336d4980,340,dynamic,dynamic,current,present,3,35,2,item_stale
memtraceb-2e36c193-kp0340-a2c3-historical-present,2e36c193-a605-8cc7-70ff-80b2336d4980,340,dynamic,dynamic,historical,present,3,35,2,retrieval_error
memtraceb-2e36c193-kp0340-a2c3-trajectory-present,2e36c193-a605-8cc7-70ff-80b2336d4980,340,dynamic,dynamic,trajectory,present,3,35,2,granularity_error
memtraceb-2e36c193-kp0340-a2c3-current-contradicted,2e36c193-a605-8cc7-70ff-80b2336d4980,340,dynamic,conflict_distractor,current,contradicted,3,35,2,item_conflict
memtraceb-2e36c193-kp0340-a11c4-current-present,2e36c193-a605-8cc7-70ff-80b2336d4980,340,dynamic,dynamic,current,present,4,44,11,item_stale
memtraceb-2e36c193-kp0340-a11c4-historical-present,2e36c193-a605-8cc7-70ff-80b2336d4980,340,dynamic,dynamic,historical,present,4,44,11,retrieval_error
memtraceb-2e36c193-kp0340-a11c4-trajectory-present,2e36c193-a605-8cc7-70ff-80b2336d4980,340,dynamic,dynamic,trajectory,present,4,44,11,granularity_error
memtraceb-2e36c193-kp0340-a11c4-current-contradicted,2e36c193-a605-8cc7-70ff-80b2336d4980,340,dynamic,conflict_distractor,current,contradicted,4,44,11,item_conflict
memtraceb-2e36c193-kp0340-a20c5-current-present,2e36c193-a605-8cc7-70ff-80b2336d4980,340,dynamic,dynamic,current,present,5,53,20,item_stale
memtraceb-2e36c193-kp0340-a20c5-historical-present,2e36c193-a605-8cc7-70ff-80b2336d4980,340,dynamic,dynamic,historical,present,5,53,20,retrieval_error
memtraceb-2e36c193-kp0340-a20c5-trajectory-present,2e36c193-a605-8cc7-70ff-80b2336d4980,340,dynamic,dynamic,trajectory,present,5,53,20,granularity_error
memtraceb-2e36c193-kp0340-a20c5-current-contradicted,2e36c193-a605-8cc7-70ff-80b2336d4980,340,dynamic,conflict_distractor,current,contradicted,5,53,20,item_conflict
memtraceb-2e36c193-kp0340-a29c6-current-present,2e36c193-a605-8cc7-70ff-80b2336d4980,340,dynamic,dynamic,current,present,6,62,29,item_stale
memtraceb-2e36c193-kp0340-a29c6-historical-present,2e36c193-a605-8cc7-70ff-80b2336d4980,340,dynamic,dynamic,historical,present,6,62,29,retrieval_error
memtraceb-2e36c193-kp0340-a29c6-trajectory-present,2e36c193-a605-8cc7-70ff-80b2336d4980,340,dynamic,dynamic,trajectory,present,6,62,29,granularity_error
memtraceb-2e36c193-kp0340-a29c6-current-contradicted,2e36c193-a605-8cc7-70ff-80b2336d4980,340,dynamic,conflict_distractor,current,contradicted,6,62,29,item_conflict
memtraceb-2e36c193-kp0340-a38c7-current-present,2e36c193-a605-8cc7-70ff-80b2336d4980,340,dynamic,dynamic,current,present,7,71,38,item_stale
memtraceb-2e36c193-kp0340-a38c7-historical-present,2e36c193-a605-8cc7-70ff-80b2336d4980,340,dynamic,dynamic,historical,present,7,71,38,retrieval_error
memtraceb-2e36c193-kp0340-a38c7-trajectory-present,2e36c193-a605-8cc7-70ff-80b2336d4980,340,dynamic,dynamic,trajectory,present,7,71,38,granularity_error
memtraceb-2e36c193-kp0340-a38c7-current-contradicted,2e36c193-a605-8cc7-70ff-80b2336d4980,340,dynamic,conflict_distractor,current,contradicted,7,71,38,item_conflict
memtraceb-2e36c193-kp0346-a1c3-current-present,2e36c193-a605-8cc7-70ff-80b2336d4980,346,static,static,current,present,3,35,1,
memtraceb-2e36c193-kp0346-a10c4-current-present,2e36c193-a605-8cc7-70ff-80b2336d4980,346,static,static,current,present,4,44,10,
memtraceb-2e36c193-kp0346-a19c5-current-present,2e36c193-a605-8cc7-70ff-80b2336d4980,346,static,static,current,present,5,53,19,
memtraceb-2e36c193-kp0346-a28c6-current-present,2e36c193-a605-8cc7-70ff-80b2336d4980,346,static,static,current,present,6,62,28,
memtraceb-2e36c193-kp0346-a37c7-current-present,2e36c193-a605-8cc7-70ff-80b2336d4980,346,static,static,current,present,7,71,37,
memtraceb-2e36c193-bdclothingpreference-a8c0-current-missing,2e36c193-a605-8cc7-70ff-80b2336d4980,,boundary,boundary_distractor,current,missing,0,8,8,safety_error
memtraceb-2e36c193-bdclothingpreference-a17c1-current-missing,2e36c193-a605-8cc7-70ff-80b2336d4980,,boundary,boundary_distractor,current,missing,1,17,17,safety_error
memtraceb-2e36c193-bdclothingpreference-a26c2-current-missing,2e36c193-a605-8cc7-70ff-80b2336d4980,,boundary,boundary_distractor,current,missing,2,26,26,safety_error
memtraceb-2e36c193-bdclothingpreference-a35c3-current-missing,2e36c193-a605-8cc7-70ff-80b2336d4980,,boundary,boundary_distractor,current,missing,3,35,35,safety_error
memtraceb-2e36c193-bdclothingpreference-a44c4-current-missing,2e36c193-a605-8cc7-70ff-80b2336d4980,,boundary,boundary_distractor,current,missing,4,44,44,safety_error
memtraceb-2e36c193-bdclothingpreference-a53c5-current-missing,2e36c193-a605-8cc7-70ff-80b2336d4980,,boundary,boundary_distractor,current,missing,5,53,53,safety_error
memtraceb-2e36c193-bdclothingpreference-a62c6-current-missing,2e36c193-a605-8cc7-70ff-80b2336d4980,,boundary,boundary_distractor,current,missing,6,62,62,safety_error
memtraceb-2e36c193-bdclothingpreference-a71c7-current-missing,2e36c193-a605-8cc7-70ff-80b2336d4980,,boundary,boundary_distractor,current,missing,7,71,71,safety_error
memtraceb-2e36c193-bdgamepreference-a8c0-current-missing,2e36c193-a605-8cc7-70ff-80b2336d4980,,boundary,boundary_distractor,current,missing,0,8,8,safety_error
memtraceb-2e36c193-bdgamepreference-a17c1-current-missing,2e36c193-a605-8cc7-70ff-80b2336d4980,,boundary,boundary_distractor,current,missing,1,17,17,safety_error
memtraceb-2e36c193-bdgamepreference-a26c2-current-missing,2e36c193-a605-8cc7-70ff-80b2336d4980,,boundary,boundary_distractor,current,missing,2,26,26,safety_error
memtraceb-2e36c193-bdgamepreference-a35c3-current-missing,2e36c193-a605-8cc7-70ff-80b2336d4980,,boundary,boundary_distractor,current,missing,3,35,35,safety_error
memtraceb-2e36c193-bdgamepreference-a44c4-current-missing,2e36c193-a605-8cc7-70ff-80b2336d4980,,boundary,boundary_distractor,current,missing,4,44,44,safety_error
memtraceb-2e36c193-bdgamepreference-a53c5-current-missing,2e36c193-a605-8cc7-70ff-80b2336d4980,,boundary,boundary_distractor,current,missing,5,53,53,safety_error
memtraceb-2e36c193-bdgamepreference-a62c6-current-missing,2e36c193-a605-8cc7-70ff-80b2336d4980,,boundary,boundary_distractor,current,missing,6,62,62,safety_error
memtraceb-2e36c193-bdgamepreference-a71c7-current-missing,2e36c193-a605-8cc7-70ff-80b2336d4980,,boundary,boundary_distractor,current,missing,7,71,71,safety_error
memtraceb-2e36c193-bdsportspreference-a8c0-current-missing,2e36c193-a605-8cc7-70ff-80b2336d4980,,boundary,boundary_distractor,current,missing,0,8,8,safety_error
memtraceb-2e36c193-bdsportspreference-a17c1-current-missing,2e36c193-a605-8cc7-70ff-80b2336d4980,,boundary,boundary_distractor,current,missing,1,17,17,safety_error
memtraceb-2e36c193-bdsportspreference-a26c2-current-missing,2e36c193-a605-8cc7-70ff-80b2336d4980,,boundary,boundary_distractor,current,missing,2,26,26,safety_error
memtraceb-2e36c193-bdsportspreference-a35c3-current-missing,2e36c193-a605-8cc7-70ff-80b2336d4980,,boundary,boundary_distractor,current,missing,3,35,35,safety_error
memtraceb-2e36c193-bdsportspreference-a44c4-current-missing,2e36c193-a605-8cc7-70ff-80b2336d4980,,boundary,boundary_distractor,current,missing,4,44,44,safety_error
memtraceb-2e36c193-bdsportspreference-a53c5-current-missing,2e36c193-a605-8cc7-70ff-80b2336d4980,,boundary,boundary_distractor,current,missing,5,53,53,safety_error
memtraceb-2e36c193-bdsportspreference-a62c6-current-missing,2e36c193-a605-8cc7-70ff-80b2336d4980,,boundary,boundary_distractor,current,missing,6,62,62,safety_error
memtraceb-2e36c193-bdsportspreference-a71c7-current-missing,2e36c193-a605-8cc7-70ff-80b2336d4980,,boundary,boundary_distractor,current,missing,7,71,71,safety_error
memtraceb-91b283d7-kp0000-a6c0-current-present,91b283d7-7236-3b83-abeb-f0a159564f45,0,static,static,current,present,0,6,6,
memtraceb-91b283d7-kp0000-a14c1-current-present,91b283d7-7236-3b83-abeb-f0a159564f45,0,static,static,current,present,1,14,14,
memtraceb-91b283d7-kp0000-a21c2-current-present,91b283d7-7236-3b83-abeb-f0a159564f45,0,static,static,current,present,2,21,21,
memtraceb-91b283d7-kp0000-a29c3-current-present,91b283d7-7236-3b83-abeb-f0a159564f45,0,static,static,current,present,3,29,29,
memtraceb-91b283d7-kp0000-a37c4-current-present,91b283d7-7236-3b83-abeb-f0a159564f45,0,static,static,current,present,4,37,37,
memtraceb-91b283d7-kp0000-a44c5-current-present,91b283d7-7236-3b83-abeb-f0a159564f45,0,static,static,current,present,5,44,44,
memtraceb-91b283d7-kp0000-a52c6-current-present,91b283d7-7236-3b83-abeb-f0a159564f45,0,static,static,current,present,6,52,52,
memtraceb-91b283d7-kp0000-a60c7-current-present,91b283d7-7236-3b83-abeb-f0a159564f45,0,static,static,current,present,7,60,60,
memtraceb-91b283d7-kp0028-a4c0-current-present,91b283d7-7236-3b83-abeb-f0a159564f45,28,preference,preference,current,present,0,6,4,
memtraceb-91b283d7-kp0028-a12c1-current-present,91b283d7-7236-3b83-abeb-f0a159564f45,28,preference,preference,current,present,1,14,12,
memtraceb-91b283d7-kp0028-a19c2-current-present,91b283d7-7236-3b83-abeb-f0a159564f45,28,preference,preference,current,present,2,21,19,
memtraceb-91b283d7-kp0028-a27c3-current-present,91b283d7-7236-3b83-abeb-f0a159564f45,28,preference,preference,current,present,3,29,27,
memtraceb-91b283d7-kp0028-a35c4-current-present,91b283d7-7236-3b83-abeb-f0a159564f45,28,preference,preference,current,present,4,37,35,
memtraceb-91b283d7-kp0028-a42c5-current-present,91b283d7-7236-3b83-abeb-f0a159564f45,28,preference,preference,current,present,5,44,42,
memtraceb-91b283d7-kp0028-a50c6-current-present,91b283d7-7236-3b83-abeb-f0a159564f45,28,preference,preference,current,present,6,52,50,
memtraceb-91b283d7-kp0028-a58c7-current-present,91b283d7-7236-3b83-abeb-f0a159564f45,28,preference,preference,current,present,7,60,58,
memtraceb-91b283d7-kp0082-a3c0-current-present,91b283d7-7236-3b83-abeb-f0a159564f45,82,dynamic,dynamic,current,present,0,6,3,item_stale
memtraceb-91b283d7-kp0082-a3c0-historical-present,91b283d7-7236-3b83-abeb-f0a159564f45,82,dynamic,dynamic,historical,present,0,6,3,retrieval_error
memtraceb-91b283d7-kp0082-a3c0-trajectory-present,91b283d7-7236-3b83-abeb-f0a159564f45,82,dynamic,dynamic,trajectory,present,0,6,3,granularity_error
memtraceb-91b283d7-kp0082-a3c0-current-contradicted,91b283d7-7236-3b83-abeb-f0a159564f45,82,dynamic,conflict_distractor,current,contradicted,0,6,3,item_conflict
memtraceb-91b283d7-kp0082-a11c1-current-present,91b283d7-7236-3b83-abeb-f0a159564f45,82,dynamic,dynamic,current,present,1,14,11,item_stale
memtraceb-91b283d7-kp0082-a11c1-historical-present,91b283d7-7236-3b83-abeb-f0a159564f45,82,dynamic,dynamic,historical,present,1,14,11,retrieval_error
memtraceb-91b283d7-kp0082-a11c1-trajectory-present,91b283d7-7236-3b83-abeb-f0a159564f45,82,dynamic,dynamic,trajectory,present,1,14,11,granularity_error
memtraceb-91b283d7-kp0082-a11c1-current-contradicted,91b283d7-7236-3b83-abeb-f0a159564f45,82,dynamic,conflict_distractor,current,contradicted,1,14,11,item_conflict
memtraceb-91b283d7-kp0082-a18c2-current-present,91b283d7-7236-3b83-abeb-f0a159564f45,82,dynamic,dynamic,current,present,2,21,18,item_stale
memtraceb-91b283d7-kp0082-a18c2-historical-present,91b283d7-7236-3b83-abeb-f0a159564f45,82,dynamic,dynamic,historical,present,2,21,18,retrieval_error
memtraceb-91b283d7-kp0082-a18c2-trajectory-present,91b283d7-7236-3b83-abeb-f0a159564f45,82,dynamic,dynamic,trajectory,present,2,21,18,granularity_error
memtraceb-91b283d7-kp0082-a18c2-current-contradicted,91b283d7-7236-3b83-abeb-f0a159564f45,82,dynamic,conflict_distractor,current,contradicted,2,21,18,item_conflict
memtraceb-91b283d7-kp0082-a26c3-current-present,91b283d7-7236-3b83-abeb-f0a159564f45,82,dynamic,dynamic,current,present,3,29,26,item_stale
memtraceb-91b283d7-kp0082-a26c3-historical-present,91b283d7-7236-3b83-abeb-f0a159564f45,82,dynamic,dynamic,historical,present,3,29,26,retrieval_error
memtraceb-91b283d7-kp0082-a26c3-trajectory-present,91b283d7-7236-3b83-abeb-f0a159564f45,82,dynamic,dynamic,trajectory,present,3,29,26,granularity_error
memtraceb-91b283d7-kp0082-a26c3-current-contradicted,91b283d7-7236-3b83-abeb-f0a159564f45,82,dynamic,conflict_distractor,current,contradicted,3,29,26,item_conflict
memtraceb-91b283d7-kp0082-a34c4-current-present,91b283d7-7236-3b83-abeb-f0a159564f45,82,dynamic,dynamic,current,present,4,37,34,item_stale
memtraceb-91b283d7-kp0082-a34c4-historical-present,91b283d7-7236-3b83-abeb-f0a159564f45,82,dynamic,dynamic,historical,present,4,37,34,retrieval_error
memtraceb-91b283d7-kp0082-a34c4-trajectory-present,91b283d7-7236-3b83-abeb-f0a159564f45,82,dynamic,dynamic,trajectory,present,4,37,34,granularity_error
memtraceb-91b283d7-kp0082-a34c4-current-contradicted,91b283d7-7236-3b83-abeb-f0a159564f45,82,dynamic,conflict_distractor,current,contradicted,4,37,34,item_conflict
memtraceb-91b283d7-kp0082-a41c5-current-present,91b283d7-7236-3b83-abeb-f0a159564f45,82,dynamic,dynamic,current,present,5,44,41,item_stale
memtraceb-91b283d7-kp0082-a41c5-historical-present,91b283d7-7236-3b83-abeb-f0a159564f45,82,dynamic,dynamic,historical,present,5,44,41,retrieval_error
memtraceb-91b283d7-kp0082-a41c5-trajectory-present,91b283d7-7236-3b83-abeb-f0a159564f45,82,dynamic,dynamic,trajectory,present,5,44,41,granularity_error
memtraceb-91b283d7-kp0082-a41c5-current-contradicted,91b283d7-7236-3b83-abeb-f0a159564f45,82,dynamic,conflict_distractor,current,contradicted,5,44,41,item_conflict
memtraceb-91b283d7-kp0082-a49c6-current-present,91b283d7-7236-3b83-abeb-f0a159564f45,82,dynamic,dynamic,current,present,6,52,49,item_stale
memtraceb-91b283d7-kp0082-a49c6-historical-present,91b283d7-7236-3b83-abeb-f0a159564f45,82,dynamic,dynamic,historical,present,6,52,49,retrieval_error
memtraceb-91b283d7-kp0082-a49c6-trajectory-present,91b283d7-7236-3b83-abeb-f0a159564f45,82,dynamic,dynamic,trajectory,present,6,52,49,granularity_error
memtraceb-91b283d7-kp0082-a49c6-current-contradicted,91b283d7-7236-3b83-abeb-f0a159564f45,82,dynamic,conflict_distractor,current,contradicted,6,52,49,item_conflict
memtraceb-91b283d7-kp0082-a57c7-current-present,91b283d7-7236-3b83-abeb-f0a159564f45,82,dynamic,dynamic,current,present,7,60,57,item_stale
memtraceb-91b283d7-kp0082-a57c7-historical-present,91b283d7-7236-3b83-abeb-f0a159564f45,82,dynamic,dynamic,historical,present,7,60,57,retrieval_error
memtraceb-91b283d7-kp0082-a57c7-trajectory-present,91b283d7-7236-3b83-abeb-f0a159564f45,82,dynamic,dynamic,trajectory,present,7,60,57,granularity_error
memtraceb-91b283d7-kp0082-a57c7-current-contradicted,91b283d7-7236-3b83-abeb-f0a159564f45,82,dynamic,conflict_distractor,current,contradicted,7,60,57,item_conflict
memtraceb-91b283d7-kp0183-a6c2-current-present,91b283d7-7236-3b83-abeb-f0a159564f45,183,preference,preference,current,present,2,21,6,
memtraceb-91b283d7-kp0183-a14c3-current-present,91b283d7-7236-3b83-abeb-f0a159564f45,183,preference,preference,current,present,3,29,14,
memtraceb-91b283d7-kp0183-a22c4-current-present,91b283d7-7236-3b83-abeb-f0a159564f45,183,preference,preference,current,present,4,37,22,
memtraceb-91b283d7-kp0183-a29c5-current-present,91b283d7-7236-3b83-abeb-f0a159564f45,183,preference,preference,current,present,5,44,29,
memtraceb-91b283d7-kp0183-a37c6-current-present,91b283d7-7236-3b83-abeb-f0a159564f45,183,preference,preference,current,present,6,52,37,
memtraceb-91b283d7-kp0183-a45c7-current-present,91b283d7-7236-3b83-abeb-f0a159564f45,183,preference,preference,current,present,7,60,45,
memtraceb-91b283d7-kp0257-a4c3-current-present,91b283d7-7236-3b83-abeb-f0a159564f45,257,dynamic,dynamic,current,present,3,29,4,item_stale
memtraceb-91b283d7-kp0257-a4c3-historical-present,91b283d7-7236-3b83-abeb-f0a159564f45,257,dynamic,dynamic,historical,present,3,29,4,retrieval_error
memtraceb-91b283d7-kp0257-a4c3-trajectory-present,91b283d7-7236-3b83-abeb-f0a159564f45,257,dynamic,dynamic,trajectory,present,3,29,4,granularity_error
memtraceb-91b283d7-kp0257-a4c3-current-contradicted,91b283d7-7236-3b83-abeb-f0a159564f45,257,dynamic,conflict_distractor,current,contradicted,3,29,4,item_conflict
memtraceb-91b283d7-kp0257-a12c4-current-present,91b283d7-7236-3b83-abeb-f0a159564f45,257,dynamic,dynamic,current,present,4,37,12,item_stale
memtraceb-91b283d7-kp0257-a12c4-historical-present,91b283d7-7236-3b83-abeb-f0a159564f45,257,dynamic,dynamic,historical,present,4,37,12,retrieval_error
memtraceb-91b283d7-kp0257-a12c4-trajectory-present,91b283d7-7236-3b83-abeb-f0a159564f45,257,dynamic,dynamic,trajectory,present,4,37,12,granularity_error
memtraceb-91b283d7-kp0257-a12c4-current-contradicted,91b283d7-7236-3b83-abeb-f0a159564f45,257,dynamic,conflict_distractor,current,contradicted,4,37,12,item_conflict
memtraceb-91b283d7-kp0257-a19c5-current-present,91b283d7-7236-3b83-abeb-f0a159564f45,257,dynamic,dynamic,current,present,5,44,19,item_stale
memtraceb-91b283d7-kp0257-a19c5-historical-present,91b283d7-7236-3b83-abeb-f0a159564f45,257,dynamic,dynamic,historical,present,5,44,19,retrieval_error
memtraceb-91b283d7-kp0257-a19c5-trajectory-present,91b283d7-7236-3b83-abeb-f0a159564f45,257,dynamic,dynamic,trajectory,present,5,44,19,granularity_error
memtraceb-91b283d7-kp0257-a19c5-current-contradicted,91b283d7-7236-3b83-abeb-f0a159564f45,257,dynamic,conflict_distractor,current,contradicted,5,44,19,item_conflict
memtraceb-91b283d7-kp0257-a27c6-current-present,91b283d7-7236-3b83-abeb-f0a159564f45,257,dynamic,dynamic,current,present,6,52,27,item_stale
memtraceb-91b283d7-kp0257-a27c6-historical-present,91b283d7-7236-3b83-abeb-f0a159564f45,257,dynamic,dynamic,historical,present,6,52,27,retrieval_error
memtraceb-91b283d7-kp0257-a27c6-trajectory-present,91b283d7-7236-3b83-abeb-f0a159564f45,257,dynamic,dynamic,trajectory,present,6,52,27,granularity_error
memtraceb-91b283d7-kp0257-a27c6-current-contradicted,91b283d7-7236-3b83-abeb-f0a159564f45,257,dynamic,conflict_distractor,current,contradicted,6,52,27,item_conflict
memtraceb-91b283d7-kp0257-a35c7-current-present,91b283d7-7236-3b83-abeb-f0a159564f45,257,dynamic,dynamic,current,present,7,60,35,item_stale
memtraceb-91b283d7-kp0257-a35c7-historical-present,91b283d7-7236-3b83-abeb-f0a159564f45,257,dynamic,dynamic,historical,present,7,60,35,retrieval_error
memtraceb-91b283d7-kp0257-a35c7-trajectory-present,91b283d7-7236-3b83-abeb-f0a159564f45,257,dynamic,dynamic,trajectory,present,7,60,35,granularity_error
memtraceb-91b283d7-kp0257-a35c7-current-contradicted,91b283d7-7236-3b83-abeb-f0a159564f45,257,dynamic,conflict_distractor,current,contradicted,7,60,35,item_conflict
memtraceb-91b283d7-kp0301-a0c3-current-present,91b283d7-7236-3b83-abeb-f0a159564f45,301,static,static,current,present,3,29,0,
memtraceb-91b283d7-kp0301-a8c4-current-present,91b283d7-7236-3b83-abeb-f0a159564f45,301,static,static,current,present,4,37,8,
memtraceb-91b283d7-kp0301-a15c5-current-present,91b283d7-7236-3b83-abeb-f0a159564f45,301,static,static,current,present,5,44,15,
memtraceb-91b283d7-kp0301-a23c6-current-present,91b283d7-7236-3b83-abeb-f0a159564f45,301,static,static,current,present,6,52,23,
memtraceb-91b283d7-kp0301-a31c7-current-present,91b283d7-7236-3b83-abeb-f0a159564f45,301,static,static,current,present,7,60,31,
memtraceb-91b283d7-bdclothingpreference-a6c0-current-missing,91b283d7-7236-3b83-abeb-f0a159564f45,,boundary,boundary_distractor,current,missing,0,6,6,safety_error
memtraceb-91b283d7-bdclothingpreference-a14c1-current-missing,91b283d7-7236-3b83-abeb-f0a159564f45,,boundary,boundary_distractor,current,missing,1,14,14,safety_error
memtraceb-91b283d7-bdclothingpreference-a21c2-current-missing,91b283d7-7236-3b83-abeb-f0a159564f45,,boundary,boundary_distractor,current,missing,2,21,21,safety_error
memtraceb-91b283d7-bdclothingpreference-a29c3-current-missing,91b283d7-7236-3b83-abeb-f0a159564f45,,boundary,boundary_distractor,current,missing,3,29,29,safety_error
memtraceb-91b283d7-bdclothingpreference-a37c4-current-missing,91b283d7-7236-3b83-abeb-f0a159564f45,,boundary,boundary_distractor,current,missing,4,37,37,safety_error
memtraceb-91b283d7-bdclothingpreference-a44c5-current-missing,91b283d7-7236-3b83-abeb-f0a159564f45,,boundary,boundary_distractor,current,missing,5,44,44,safety_error
memtraceb-91b283d7-bdclothingpreference-a52c6-current-missing,91b283d7-7236-3b83-abeb-f0a159564f45,,boundary,boundary_distractor,current,missing,6,52,52,safety_error
memtraceb-91b283d7-bdclothingpreference-a60c7-current-missing,91b283d7-7236-3b83-abeb-f0a159564f45,,boundary,boundary_distractor,current,missing,7,60,60,safety_error
memtraceb-91b283d7-bdmusicpreference-a6c0-current-missing,91b283d7-7236-3b83-abeb-f0a159564f45,,boundary,boundary_distractor,current,missing,0,6,6,safety_error
memtraceb-91b283d7-bdmusicpreference-a14c1-current-missing,91b283d7-7236-3b83-abeb-f0a159564f45,,boundary,boundary_distractor,current,missing,1,14,14,safety_error
memtraceb-91b283d7-bdmusicpreference-a21c2-current-missing,91b283d7-7236-3b83-abeb-f0a159564f45,,boundary,boundary_distractor,current,missing,2,21,21,safety_error
memtraceb-91b283d7-bdmusicpreference-a29c3-current-missing,91b283d7-7236-3b83-abeb-f0a159564f45,,boundary,boundary_distractor,current,missing,3,29,29,safety_error
memtraceb-91b283d7-bdmusicpreference-a37c4-current-missing,91b283d7-7236-3b83-abeb-f0a159564f45,,boundary,boundary_distractor,current,missing,4,37,37,safety_error
memtraceb-91b283d7-bdmusicpreference-a44c5-current-missing,91b283d7-7236-3b83-abeb-f0a159564f45,,boundary,boundary_distractor,current,missing,5,44,44,safety_error
memtraceb-91b283d7-bdmusicpreference-a52c6-current-missing,91b283d7-7236-3b83-abeb-f0a159564f45,,boundary,boundary_distractor,current,missing,6,52,52,safety_error
memtraceb-91b283d7-bdmusicpreference-a60c7-current-missing,91b283d7-7236-3b83-abeb-f0a159564f45,,boundary,boundary_distractor,current,missing,7,60,60,safety_error
memtraceb-91b283d7-bdpetpreference-a6c0-current-missing,91b283d7-7236-3b83-abeb-f0a159564f45,,boundary,boundary_distractor,current,missing,0,6,6,safety_error
memtraceb-91b283d7-bdpetpreference-a14c1-current-missing,91b283d7-7236-3b83-abeb-f0a159564f45,,boundary,boundary_distractor,current,missing,1,14,14,safety_error
memtraceb-91b283d7-bdpetpreference-a21c2-current-missing,91b283d7-7236-3b83-abeb-f0a159564f45,,boundary,boundary_distractor,current,missing,2,21,21,safety_error
memtraceb-91b283d7-bdpetpreference-a29c3-current-missing,91b283d7-7236-3b83-abeb-f0a159564f45,,boundary,boundary_distractor,current,missing,3,29,29,safety_error
memtraceb-91b283d7-bdpetpreference-a37c4-current-missing,91b283d7-7236-3b83-abeb-f0a159564f45,,boundary,boundary_distractor,current,missing,4,37,37,safety_error
memtraceb-91b283d7-bdpetpreference-a44c5-current-missing,91b283d7-7236-3b83-abeb-f0a159564f45,,boundary,boundary_distractor,current,missing,5,44,44,safety_error
memtraceb-91b283d7-bdpetpreference-a52c6-current-missing,91b283d7-7236-3b83-abeb-f0a159564f45,,boundary,boundary_distractor,current,missing,6,52,52,safety_error
memtraceb-91b283d7-bdpetpreference-a60c7-current-missing,91b283d7-7236-3b83-abeb-f0a159564f45,,boundary,boundary_distractor,current,missing,7,60,60,safety_error
memtraceb-91b283d7-bdsportspreference-a6c0-current-missing,91b283d7-7236-3b83-abeb-f0a159564f45,,boundary,boundary_distractor,current,missing,0,6,6,safety_error
memtraceb-91b283d7-bdsportspreference-a14c1-current-missing,91b283d7-7236-3b83-abeb-f0a159564f45,,boundary,boundary_distractor,current,missing,1,14,14,safety_error
memtraceb-91b283d7-bdsportspreference-a21c2-current-missing,91b283d7-7236-3b83-abeb-f0a159564f45,,boundary,boundary_distractor,current,missing,2,21,21,safety_error
memtraceb-91b283d7-bdsportspreference-a29c3-current-missing,91b283d7-7236-3b83-abeb-f0a159564f45,,boundary,boundary_distractor,current,missing,3,29,29,safety_error
memtraceb-91b283d7-bdsportspreference-a37c4-current-missing,91b283d7-7236-3b83-abeb-f0a159564f45,,boundary,boundary_distractor,current,missing,4,37,37,safety_error
memtraceb-91b283d7-bdsportspreference-a44c5-current-missing,91b283d7-7236-3b83-abeb-f0a159564f45,,boundary,boundary_distractor,current,missing,5,44,44,safety_error
memtraceb-91b283d7-bdsportspreference-a52c6-current-missing,91b283d7-7236-3b83-abeb-f0a159564f45,,boundary,boundary_distractor,current,missing,6,52,52,safety_error
memtraceb-91b283d7-bdsportspreference-a60c7-current-missing,91b283d7-7236-3b83-abeb-f0a159564f45,,boundary,boundary_distractor,current,missing,7,60,60,safety_error
memtraceb-d96baf54-kp0000-a8c0-current-present,d96baf54-00e3-afee-239c-1f3ef9054095,0,static,static,current,present,0,8,8,
memtraceb-d96baf54-kp0000-a17c1-current-present,d96baf54-00e3-afee-239c-1f3ef9054095,0,static,static,current,present,1,17,17,
memtraceb-d96baf54-kp0000-a27c2-current-present,d96baf54-00e3-afee-239c-1f3ef9054095,0,static,static,current,present,2,27,27,
memtraceb-d96baf54-kp0000-a36c3-current-present,d96baf54-00e3-afee-239c-1f3ef9054095,0,static,static,current,present,3,36,36,
memtraceb-d96baf54-kp0000-a45c4-current-present,d96baf54-00e3-afee-239c-1f3ef9054095,0,static,static,current,present,4,45,45,
memtraceb-d96baf54-kp0000-a55c5-current-present,d96baf54-00e3-afee-239c-1f3ef9054095,0,static,static,current,present,5,55,55,
memtraceb-d96baf54-kp0000-a64c6-current-present,d96baf54-00e3-afee-239c-1f3ef9054095,0,static,static,current,present,6,64,64,
memtraceb-d96baf54-kp0000-a74c7-current-present,d96baf54-00e3-afee-239c-1f3ef9054095,0,static,static,current,present,7,74,74,
memtraceb-d96baf54-kp0012-a8c0-current-present,d96baf54-00e3-afee-239c-1f3ef9054095,12,preference,preference,current,present,0,8,8,
memtraceb-d96baf54-kp0012-a17c1-current-present,d96baf54-00e3-afee-239c-1f3ef9054095,12,preference,preference,current,present,1,17,17,
memtraceb-d96baf54-kp0012-a27c2-current-present,d96baf54-00e3-afee-239c-1f3ef9054095,12,preference,preference,current,present,2,27,27,
memtraceb-d96baf54-kp0012-a36c3-current-present,d96baf54-00e3-afee-239c-1f3ef9054095,12,preference,preference,current,present,3,36,36,
memtraceb-d96baf54-kp0012-a45c4-current-present,d96baf54-00e3-afee-239c-1f3ef9054095,12,preference,preference,current,present,4,45,45,
memtraceb-d96baf54-kp0012-a55c5-current-present,d96baf54-00e3-afee-239c-1f3ef9054095,12,preference,preference,current,present,5,55,55,
memtraceb-d96baf54-kp0012-a64c6-current-present,d96baf54-00e3-afee-239c-1f3ef9054095,12,preference,preference,current,present,6,64,64,
memtraceb-d96baf54-kp0012-a74c7-current-present,d96baf54-00e3-afee-239c-1f3ef9054095,12,preference,preference,current,present,7,74,74,
memtraceb-d96baf54-kp0082-a5c0-current-present,d96baf54-00e3-afee-239c-1f3ef9054095,82,dynamic,dynamic,current,present,0,8,5,item_stale
memtraceb-d96baf54-kp0082-a5c0-historical-present,d96baf54-00e3-afee-239c-1f3ef9054095,82,dynamic,dynamic,historical,present,0,8,5,retrieval_error
memtraceb-d96baf54-kp0082-a5c0-trajectory-present,d96baf54-00e3-afee-239c-1f3ef9054095,82,dynamic,dynamic,trajectory,present,0,8,5,granularity_error
memtraceb-d96baf54-kp0082-a5c0-current-contradicted,d96baf54-00e3-afee-239c-1f3ef9054095,82,dynamic,conflict_distractor,current,contradicted,0,8,5,item_conflict
memtraceb-d96baf54-kp0082-a14c1-current-present,d96baf54-00e3-afee-239c-1f3ef9054095,82,dynamic,dynamic,current,present,1,17,14,item_stale
memtraceb-d96baf54-kp0082-a14c1-historical-present,d96baf54-00e3-afee-239c-1f3ef9054095,82,dynamic,dynamic,historical,present,1,17,14,retrieval_error
memtraceb-d96baf54-kp0082-a14c1-trajectory-present,d96baf54-00e3-afee-239c-1f3ef9054095,82,dynamic,dynamic,trajectory,present,1,17,14,granularity_error
memtraceb-d96baf54-kp0082-a14c1-current-contradicted,d96baf54-00e3-afee-239c-1f3ef9054095,82,dynamic,conflict_distractor,current,contradicted,1,17,14,item_conflict
memtraceb-d96baf54-kp0082-a24c2-current-present,d96baf54-00e3-afee-239c-1f3ef9054095,82,dynamic,dynamic,current,present,2,27,24,item_stale
memtraceb-d96baf54-kp0082-a24c2-historical-present,d96baf54-00e3-afee-239c-1f3ef9054095,82,dynamic,dynamic,historical,present,2,27,24,retrieval_error
memtraceb-d96baf54-kp0082-a24c2-trajectory-present,d96baf54-00e3-afee-239c-1f3ef9054095,82,dynamic,dynamic,trajectory,present,2,27,24,granularity_error
memtraceb-d96baf54-kp0082-a24c2-current-contradicted,d96baf54-00e3-afee-239c-1f3ef9054095,82,dynamic,conflict_distractor,current,contradicted,2,27,24,item_conflict
memtraceb-d96baf54-kp0082-a33c3-current-present,d96baf54-00e3-afee-239c-1f3ef9054095,82,dynamic,dynamic,current,present,3,36,33,item_stale
memtraceb-d96baf54-kp0082-a33c3-historical-present,d96baf54-00e3-afee-239c-1f3ef9054095,82,dynamic,dynamic,historical,present,3,36,33,retrieval_error
memtraceb-d96baf54-kp0082-a33c3-trajectory-present,d96baf54-00e3-afee-239c-1f3ef9054095,82,dynamic,dynamic,trajectory,present,3,36,33,granularity_error
memtraceb-d96baf54-kp0082-a33c3-current-contradicted,d96baf54-00e3-afee-239c-1f3ef9054095,82,dynamic,conflict_distractor,current,contradicted,3,36,33,item_conflict
memtraceb-d96baf54-kp0082-a42c4-current-present,d96baf54-00e3-afee-239c-1f3ef9054095,82,dynamic,dynamic,current,present,4,45,42,item_stale
memtraceb-d96baf54-kp0082-a42c4-historical-present,d96baf54-00e3-afee-239c-1f3ef9054095,82,dynamic,dynamic,historical,present,4,45,42,retrieval_error
memtraceb-d96baf54-kp0082-a42c4-trajectory-present,d96baf54-00e3-afee-239c-1f3ef9054095,82,dynamic,dynamic,trajectory,present,4,45,42,granularity_error
memtraceb-d96baf54-kp0082-a42c4-current-contradicted,d96baf54-00e3-afee-239c-1f3ef9054095,82,dynamic,conflict_distractor,current,contradicted,4,45,42,item_conflict
memtraceb-d96baf54-kp0082-a52c5-current-present,d96baf54-00e3-afee-239c-1f3ef9054095,82,dynamic,dynamic,current,present,5,55,52,item_stale
memtraceb-d96baf54-kp0082-a52c5-historical-present,d96baf54-00e3-afee-239c-1f3ef9054095,82,dynamic,dynamic,historical,present,5,55,52,retrieval_error
memtraceb-d96baf54-kp0082-a52c5-trajectory-present,d96baf54-00e3-afee-239c-1f3ef9054095,82,dynamic,dynamic,trajectory,present,5,55,52,granularity_error
memtraceb-d96baf54-kp0082-a52c5-current-contradicted,d96baf54-00e3-afee-239c-1f3ef9054095,82,dynamic,conflict_distractor,current,contradicted,5,55,52,item_conflict
memtraceb-d96baf54-kp0082-a61c6-current-present,d96baf54-00e3-afee-239c-1f3ef9054095,82,dynamic,dynamic,current,present,6,64,61,item_stale
memtraceb-d96baf54-kp0082-a61c6-historical-present,d96baf54-00e3-afee-239c-1f3ef9054095,82,dynamic,dynamic,historical,present,6,64,61,retrieval_error
memtraceb-d96baf54-kp0082-a61c6-trajectory-present,d96baf54-00e3-afee-239c-1f3ef9054095,82,dynamic,dynamic,trajectory,present,6,64,61,granularity_error
memtraceb-d96baf54-kp0082-a61c6-current-contradicted,d96baf54-00e3-afee-239c-1f3ef9054095,82,dynamic,conflict_distractor,current,contradicted,6,64,61,item_conflict
memtraceb-d96baf54-kp0082-a71c7-current-present,d96baf54-00e3-afee-239c-1f3ef9054095,82,dynamic,dynamic,current,present,7,74,71,item_stale
memtraceb-d96baf54-kp0082-a71c7-historical-present,d96baf54-00e3-afee-239c-1f3ef9054095,82,dynamic,dynamic,historical,present,7,74,71,retrieval_error
memtraceb-d96baf54-kp0082-a71c7-trajectory-present,d96baf54-00e3-afee-239c-1f3ef9054095,82,dynamic,dynamic,trajectory,present,7,74,71,granularity_error
memtraceb-d96baf54-kp0082-a71c7-current-contradicted,d96baf54-00e3-afee-239c-1f3ef9054095,82,dynamic,conflict_distractor,current,contradicted,7,74,71,item_conflict
memtraceb-d96baf54-kp0194-a1c1-current-present,d96baf54-00e3-afee-239c-1f3ef9054095,194,preference,preference,current,present,1,17,1,
memtraceb-d96baf54-kp0194-a11c2-current-present,d96baf54-00e3-afee-239c-1f3ef9054095,194,preference,preference,current,present,2,27,11,
memtraceb-d96baf54-kp0194-a20c3-current-present,d96baf54-00e3-afee-239c-1f3ef9054095,194,preference,preference,current,present,3,36,20,
memtraceb-d96baf54-kp0194-a29c4-current-present,d96baf54-00e3-afee-239c-1f3ef9054095,194,preference,preference,current,present,4,45,29,
memtraceb-d96baf54-kp0194-a39c5-current-present,d96baf54-00e3-afee-239c-1f3ef9054095,194,preference,preference,current,present,5,55,39,
memtraceb-d96baf54-kp0194-a48c6-current-present,d96baf54-00e3-afee-239c-1f3ef9054095,194,preference,preference,current,present,6,64,48,
memtraceb-d96baf54-kp0194-a58c7-current-present,d96baf54-00e3-afee-239c-1f3ef9054095,194,preference,preference,current,present,7,74,58,
memtraceb-d96baf54-kp0364-a8c4-current-present,d96baf54-00e3-afee-239c-1f3ef9054095,364,dynamic,dynamic,current,present,4,45,8,item_stale
memtraceb-d96baf54-kp0364-a8c4-historical-present,d96baf54-00e3-afee-239c-1f3ef9054095,364,dynamic,dynamic,historical,present,4,45,8,retrieval_error
memtraceb-d96baf54-kp0364-a8c4-trajectory-present,d96baf54-00e3-afee-239c-1f3ef9054095,364,dynamic,dynamic,trajectory,present,4,45,8,granularity_error
memtraceb-d96baf54-kp0364-a8c4-current-contradicted,d96baf54-00e3-afee-239c-1f3ef9054095,364,dynamic,conflict_distractor,current,contradicted,4,45,8,item_conflict
memtraceb-d96baf54-kp0364-a18c5-current-present,d96baf54-00e3-afee-239c-1f3ef9054095,364,dynamic,dynamic,current,present,5,55,18,item_stale
memtraceb-d96baf54-kp0364-a18c5-historical-present,d96baf54-00e3-afee-239c-1f3ef9054095,364,dynamic,dynamic,historical,present,5,55,18,retrieval_error
memtraceb-d96baf54-kp0364-a18c5-trajectory-present,d96baf54-00e3-afee-239c-1f3ef9054095,364,dynamic,dynamic,trajectory,present,5,55,18,granularity_error
memtraceb-d96baf54-kp0364-a18c5-current-contradicted,d96baf54-00e3-afee-239c-1f3ef9054095,364,dynamic,conflict_distractor,current,contradicted,5,55,18,item_conflict
memtraceb-d96baf54-kp0364-a27c6-current-present,d96baf54-00e3-afee-239c-1f3ef9054095,364,dynamic,dynamic,current,present,6,64,27,item_stale
memtraceb-d96baf54-kp0364-a27c6-historical-present,d96baf54-00e3-afee-239c-1f3ef9054095,364,dynamic,dynamic,historical,present,6,64,27,retrieval_error
memtraceb-d96baf54-kp0364-a27c6-trajectory-present,d96baf54-00e3-afee-239c-1f3ef9054095,364,dynamic,dynamic,trajectory,present,6,64,27,granularity_error
memtraceb-d96baf54-kp0364-a27c6-current-contradicted,d96baf54-00e3-afee-239c-1f3ef9054095,364,dynamic,conflict_distractor,current,contradicted,6,64,27,item_conflict
memtraceb-d96baf54-kp0364-a37c7-current-present,d96baf54-00e3-afee-239c-1f3ef9054095,364,dynamic,dynamic,current,present,7,74,37,item_stale
memtraceb-d96baf54-kp0364-a37c7-historical-present,d96baf54-00e3-afee-239c-1f3ef9054095,364,dynamic,dynamic,historical,present,7,74,37,retrieval_error
memtraceb-d96baf54-kp0364-a37c7-trajectory-present,d96baf54-00e3-afee-239c-1f3ef9054095,364,dynamic,dynamic,trajectory,present,7,74,37,granularity_error
memtraceb-d96baf54-kp0364-a37c7-current-contradicted,d96baf54-00e3-afee-239c-1f3ef9054095,364,dynamic,conflict_distractor,current,contradicted,7,74,37,item_conflict
memtraceb-d96baf54-kp0373-a7c4-current-present,d96baf54-00e3-afee-239c-1f3ef9054095,373,static,static,current,present,4,45,7,
memtraceb-d96baf54-kp0373-a17c5-current-present,d96baf54-00e3-afee-239c-1f3ef9054095,373,static,static,current,present,5,55,17,
memtraceb-d96baf54-kp0373-a26c6-current-present,d96baf54-00e3-afee-239c-1f3ef9054095,373,static,static,current,present,6,64,26,
memtraceb-d96baf54-kp0373-a36c7-current-present,d96baf54-00e3-afee-239c-1f3ef9054095,373,static,static,current,present,7,74,36,
memtraceb-d96baf54-bdfoodpreference-a8c0-current-missing,d96baf54-00e3-afee-239c-1f3ef9054095,,boundary,boundary_distractor,current,missing,0,8,8,safety_error
memtraceb-d96baf54-bdfoodpreference-a17c1-current-missing,d96baf54-00e3-afee-239c-1f3ef9054095,,boundary,boundary_distractor,current,missing,1,17,17,safety_error
memtraceb-d96baf54-bdfoodpreference-a27c2-current-missing,d96baf54-00e3-afee-239c-1f3ef9054095,,boundary,boundary_distractor,current,missing,2,27,27,safety_error
memtraceb-d96baf54-bdfoodpreference-a36c3-current-missing,d96baf54-00e3-afee-239c-1f3ef9054095,,boundary,boundary_distractor,current,missing,3,36,36,safety_error
memtraceb-d96baf54-bdfoodpreference-a45c4-current-missing,d96baf54-00e3-afee-239c-1f3ef9054095,,boundary,boundary_distractor,current,missing,4,45,45,safety_error
memtraceb-d96baf54-bdfoodpreference-a55c5-current-missing,d96baf54-00e3-afee-239c-1f3ef9054095,,boundary,boundary_distractor,current,missing,5,55,55,safety_error
memtraceb-d96baf54-bdfoodpreference-a64c6-current-missing,d96baf54-00e3-afee-239c-1f3ef9054095,,boundary,boundary_distractor,current,missing,6,64,64,safety_error
memtraceb-d96baf54-bdfoodpreference-a74c7-current-missing,d96baf54-00e3-afee-239c-1f3ef9054095,,boundary,boundary_distractor,current,missing,7,74,74,safety_error
memtraceb-d96baf54-bdmoviepreference-a8c0-current-missing,d96baf54-00e3-afee-239c-1f3ef9054095,,boundary,boundary_distractor,current,missing,0,8,8,safety_error
memtraceb-d96baf54-bdmoviepreference-a17c1-current-missing,d96baf54-00e3-afee-239c-1f3ef9054095,,boundary,boundary_distractor,current,missing,1,17,17,safety_error
memtraceb-d96baf54-bdmoviepreference-a27c2-current-missing,d96baf54-00e3-afee-239c-1f3ef9054095,,boundary,boundary_distractor,current,missing,2,27,27,safety_error
memtraceb-d96baf54-bdmoviepreference-a36c3-current-missing,d96baf54-00e3-afee-239c-1f3ef9054095,,boundary,boundary_distractor,current,missing,3,36,36,safety_error
memtraceb-d96baf54-bdmoviepreference-a45c4-current-missing,d96baf54-00e3-afee-239c-1f3ef9054095,,boundary,boundary_distractor,current,missing,4,45,45,safety_error
memtraceb-d96baf54-bdmoviepreference-a55c5-current-missing,d96baf54-00e3-afee-239c-1f3ef9054095,,boundary,boundary_distractor,current,missing,5,55,55,safety_error
memtraceb-d96baf54-bdmoviepreference-a64c6-current-missing,d96baf54-00e3-afee-239c-1f3ef9054095,,boundary,boundary_distractor,current,missing,6,64,64,safety_error
memtraceb-d96baf54-bdmoviepreference-a74c7-current-missing,d96baf54-00e3-afee-239c-1f3ef9054095,,boundary,boundary_distractor,current,missing,7,74,74,safety_error
memtraceb-d96baf54-bdpetpreference-a8c0-current-missing,d96baf54-00e3-afee-239c-1f3ef9054095,,boundary,boundary_distractor,current,missing,0,8,8,safety_error
memtraceb-d96baf54-bdpetpreference-a17c1-current-missing,d96baf54-00e3-afee-239c-1f3ef9054095,,boundary,boundary_distractor,current,missing,1,17,17,safety_error
memtraceb-d96baf54-bdpetpreference-a27c2-current-missing,d96baf54-00e3-afee-239c-1f3ef9054095,,boundary,boundary_distractor,current,missing,2,27,27,safety_error
memtraceb-d96baf54-bdpetpreference-a36c3-current-missing,d96baf54-00e3-afee-239c-1f3ef9054095,,boundary,boundary_distractor,current,missing,3,36,36,safety_error
memtraceb-d96baf54-bdpetpreference-a45c4-current-missing,d96baf54-00e3-afee-239c-1f3ef9054095,,boundary,boundary_distractor,current,missing,4,45,45,safety_error
memtraceb-d96baf54-bdpetpreference-a55c5-current-missing,d96baf54-00e3-afee-239c-1f3ef9054095,,boundary,boundary_distractor,current,missing,5,55,55,safety_error
memtraceb-d96baf54-bdpetpreference-a64c6-current-missing,d96baf54-00e3-afee-239c-1f3ef9054095,,boundary,boundary_distractor,current,missing,6,64,64,safety_error
memtraceb-d96baf54-bdpetpreference-a74c7-current-missing,d96baf54-00e3-afee-239c-1f3ef9054095,,boundary,boundary_distractor,current,missing,7,74,74,safety_error
memtraceb-d96baf54-bdtravelpreference-a8c0-current-missing,d96baf54-00e3-afee-239c-1f3ef9054095,,boundary,boundary_distractor,current,missing,0,8,8,safety_error
memtraceb-d96baf54-bdtravelpreference-a17c1-current-missing,d96baf54-00e3-afee-239c-1f3ef9054095,,boundary,boundary_distractor,current,missing,1,17,17,safety_error
memtraceb-d96baf54-bdtravelpreference-a27c2-current-missing,d96baf54-00e3-afee-239c-1f3ef9054095,,boundary,boundary_distractor,current,missing,2,27,27,safety_error
memtraceb-d96baf54-bdtravelpreference-a36c3-current-missing,d96baf54-00e3-afee-239c-1f3ef9054095,,boundary,boundary_distractor,current,missing,3,36,36,safety_error
memtraceb-d96baf54-bdtravelpreference-a45c4-current-missing,d96baf54-00e3-afee-239c-1f3ef9054095,,boundary,boundary_distractor,current,missing,4,45,45,safety_error
memtraceb-d96baf54-bdtravelpreference-a55c5-current-missing,d96baf54-00e3-afee-239c-1f3ef9054095,,boundary,boundary_distractor,current,missing,5,55,55,safety_error
memtraceb-d96baf54-bdtravelpreference-a64c6-current-missing,d96baf54-00e3-afee-239c-1f3ef9054095,,boundary,boundary_distractor,current,missing,6,64,64,safety_error
memtraceb-d96baf54-bdtravelpreference-a74c7-current-missing,d96baf54-00e3-afee-239c-1f3ef9054095,,boundary,boundary_distractor,current,missing,7,74,74,safety_error
memtraceb-4fd09df4-kp0000-a6c0-current-present,4fd09df4-d0df-ff7e-bb39-5f4faedfac2c,0,static,static,current,present,0,6,6,
memtraceb-4fd09df4-kp0000-a14c1-current-present,4fd09df4-d0df-ff7e-bb39-5f4faedfac2c,0,static,static,current,present,1,14,14,
memtraceb-4fd09df4-kp0000-a22c2-current-present,4fd09df4-d0df-ff7e-bb39-5f4faedfac2c,0,static,static,current,present,2,22,22,
memtraceb-4fd09df4-kp0000-a30c3-current-present,4fd09df4-d0df-ff7e-bb39-5f4faedfac2c,0,static,static,current,present,3,30,30,
memtraceb-4fd09df4-kp0000-a37c4-current-present,4fd09df4-d0df-ff7e-bb39-5f4faedfac2c,0,static,static,current,present,4,37,37,
memtraceb-4fd09df4-kp0000-a45c5-current-present,4fd09df4-d0df-ff7e-bb39-5f4faedfac2c,0,static,static,current,present,5,45,45,
memtraceb-4fd09df4-kp0000-a53c6-current-present,4fd09df4-d0df-ff7e-bb39-5f4faedfac2c,0,static,static,current,present,6,53,53,
memtraceb-4fd09df4-kp0000-a61c7-current-present,4fd09df4-d0df-ff7e-bb39-5f4faedfac2c,0,static,static,current,present,7,61,61,
memtraceb-4fd09df4-kp0006-a6c0-current-present,4fd09df4-d0df-ff7e-bb39-5f4faedfac2c,6,preference,preference,current,present,0,6,6,
memtraceb-4fd09df4-kp0006-a14c1-current-present,4fd09df4-d0df-ff7e-bb39-5f4faedfac2c,6,preference,preference,current,present,1,14,14,
memtraceb-4fd09df4-kp0006-a22c2-current-present,4fd09df4-d0df-ff7e-bb39-5f4faedfac2c,6,preference,preference,current,present,2,22,22,
memtraceb-4fd09df4-kp0006-a30c3-current-present,4fd09df4-d0df-ff7e-bb39-5f4faedfac2c,6,preference,preference,current,present,3,30,30,
memtraceb-4fd09df4-kp0006-a37c4-current-present,4fd09df4-d0df-ff7e-bb39-5f4faedfac2c,6,preference,preference,current,present,4,37,37,
memtraceb-4fd09df4-kp0006-a45c5-current-present,4fd09df4-d0df-ff7e-bb39-5f4faedfac2c,6,preference,preference,current,present,5,45,45,
memtraceb-4fd09df4-kp0006-a53c6-current-present,4fd09df4-d0df-ff7e-bb39-5f4faedfac2c,6,preference,preference,current,present,6,53,53,
memtraceb-4fd09df4-kp0006-a61c7-current-present,4fd09df4-d0df-ff7e-bb39-5f4faedfac2c,6,preference,preference,current,present,7,61,61,
memtraceb-4fd09df4-kp0088-a3c0-current-present,4fd09df4-d0df-ff7e-bb39-5f4faedfac2c,88,dynamic,dynamic,current,present,0,6,3,item_stale
memtraceb-4fd09df4-kp0088-a3c0-historical-present,4fd09df4-d0df-ff7e-bb39-5f4faedfac2c,88,dynamic,dynamic,historical,present,0,6,3,retrieval_error
memtraceb-4fd09df4-kp0088-a3c0-trajectory-present,4fd09df4-d0df-ff7e-bb39-5f4faedfac2c,88,dynamic,dynamic,trajectory,present,0,6,3,granularity_error
memtraceb-4fd09df4-kp0088-a3c0-current-contradicted,4fd09df4-d0df-ff7e-bb39-5f4faedfac2c,88,dynamic,conflict_distractor,current,contradicted,0,6,3,item_conflict
memtraceb-4fd09df4-kp0088-a11c1-current-present,4fd09df4-d0df-ff7e-bb39-5f4faedfac2c,88,dynamic,dynamic,current,present,1,14,11,item_stale
memtraceb-4fd09df4-kp0088-a11c1-historical-present,4fd09df4-d0df-ff7e-bb39-5f4faedfac2c,88,dynamic,dynamic,historical,present,1,14,11,retrieval_error
memtraceb-4fd09df4-kp0088-a11c1-trajectory-present,4fd09df4-d0df-ff7e-bb39-5f4faedfac2c,88,dynamic,dynamic,trajectory,present,1,14,11,granularity_error
memtraceb-4fd09df4-kp0088-a11c1-current-contradicted,4fd09df4-d0df-ff7e-bb39-5f4faedfac2c,88,dynamic,conflict_distractor,current,contradicted,1,14,11,item_conflict
memtraceb-4fd09df4-kp0088-a19c2-current-present,4fd09df4-d0df-ff7e-bb39-5f4faedfac2c,88,dynamic,dynamic,current,present,2,22,19,item_stale
memtraceb-4fd09df4-kp0088-a19c2-historical-present,4fd09df4-d0df-ff7e-bb39-5f4faedfac2c,88,dynamic,dynamic,historical,present,2,22,19,retrieval_error
memtraceb-4fd09df4-kp0088-a19c2-trajectory-present,4fd09df4-d0df-ff7e-bb39-5f4faedfac2c,88,dynamic,dynamic,trajectory,present,2,22,19,granularity_error
memtraceb-4fd09df4-kp0088-a19c2-current-contradicted,4fd09df4-d0df-ff7e-bb39-5f4faedfac2c,88,dynamic,conflict_distractor,current,contradicted,2,22,19,item_conflict
memtraceb-4fd09df4-kp0088-a27c3-current-present,4fd09df4-d0df-ff7e-bb39-5f4faedfac2c,88,dynamic,dynamic,current,present,3,30,27,item_stale
memtraceb-4fd09df4-kp0088-a27c3-historical-present,4fd09df4-d0df-ff7e-bb39-5f4faedfac2c,88,dynamic,dynamic,historical,present,3,30,27,retrieval_error
memtraceb-4fd09df4-kp0088-a27c3-trajectory-present,4fd09df4-d0df-ff7e-bb39-5f4faedfac2c,88,dynamic,dynamic,trajectory,present,3,30,27,granularity_error
memtraceb-4fd09df4-kp0088-a27c3-current-contradicted,4fd09df4-d0df-ff7e-bb39-5f4faedfac2c,88,dynamic,conflict_distractor,current,contradicted,3,30,27,item_conflict
memtraceb-4fd09df4-kp0088-a34c4-current-present,4fd09df4-d0df-ff7e-bb39-5f4faedfac2c,88,dynamic,dynamic,current,present,4,37,34,item_stale
memtraceb-4fd09df4-kp0088-a34c4-historical-present,4fd09df4-d0df-ff7e-bb39-5f4faedfac2c,88,dynamic,dynamic,historical,present,4,37,34,retrieval_error
memtraceb-4fd09df4-kp0088-a34c4-trajectory-present,4fd09df4-d0df-ff7e-bb39-5f4faedfac2c,88,dynamic,dynamic,trajectory,present,4,37,34,granularity_error
memtraceb-4fd09df4-kp0088-a34c4-current-contradicted,4fd09df4-d0df-ff7e-bb39-5f4faedfac2c,88,dynamic,conflict_distractor,current,contradicted,4,37,34,item_conflict
memtraceb-4fd09df4-kp0088-a42c5-current-present,4fd09df4-d0df-ff7e-bb39-5f4faedfac2c,88,dynamic,dynamic,current,present,5,45,42,item_stale
memtraceb-4fd09df4-kp0088-a42c5-historical-present,4fd09df4-d0df-ff7e-bb39-5f4faedfac2c,88,dynamic,dynamic,historical,present,5,45,42,retrieval_error
memtraceb-4fd09df4-kp0088-a42c5-trajectory-present,4fd09df4-d0df-ff7e-bb39-5f4faedfac2c,88,dynamic,dynamic,trajectory,present,5,45,42,granularity_error
memtraceb-4fd09df4-kp0088-a42c5-current-contradicted,4fd09df4-d0df-ff7e-bb39-5f4faedfac2c,88,dynamic,conflict_distractor,current,contradicted,5,45,42,item_conflict
memtraceb-4fd09df4-kp0088-a50c6-current-present,4fd09df4-d0df-ff7e-bb39-5f4faedfac2c,88,dynamic,dynamic,current,present,6,53,50,item_stale
memtraceb-4fd09df4-kp0088-a50c6-historical-present,4fd09df4-d0df-ff7e-bb39-5f4faedfac2c,88,dynamic,dynamic,historical,present,6,53,50,retrieval_error
memtraceb-4fd09df4-kp0088-a50c6-trajectory-present,4fd09df4-d0df-ff7e-bb39-5f4faedfac2c,88,dynamic,dynamic,trajectory,present,6,53,50,granularity_error
memtraceb-4fd09df4-kp0088-a50c6-current-contradicted,4fd09df4-d0df-ff7e-bb39-5f4faedfac2c,88,dynamic,conflict_distractor,current,contradicted,6,53,50,item_conflict
memtraceb-4fd09df4-kp0088-a58c7-current-present,4fd09df4-d0df-ff7e-bb39-5f4faedfac2c,88,dynamic,dynamic,current,present,7,61,58,item_stale
memtraceb-4fd09df4-kp0088-a58c7-historical-present,4fd09df4-d0df-ff7e-bb39-5f4faedfac2c,88,dynamic,dynamic,historical,present,7,61,58,retrieval_error
memtraceb-4fd09df4-kp0088-a58c7-trajectory-present,4fd09df4-d0df-ff7e-bb39-5f4faedfac2c,88,dynamic,dynamic,trajectory,present,7,61,58,granularity_error
memtraceb-4fd09df4-kp0088-a58c7-current-contradicted,4fd09df4-d0df-ff7e-bb39-5f4faedfac2c,88,dynamic,conflict_distractor,current,contradicted,7,61,58,item_conflict
memtraceb-4fd09df4-kp0216-a4c2-current-present,4fd09df4-d0df-ff7e-bb39-5f4faedfac2c,216,preference,preference,current,present,2,22,4,
memtraceb-4fd09df4-kp0216-a12c3-current-present,4fd09df4-d0df-ff7e-bb39-5f4faedfac2c,216,preference,preference,current,present,3,30,12,
memtraceb-4fd09df4-kp0216-a19c4-current-present,4fd09df4-d0df-ff7e-bb39-5f4faedfac2c,216,preference,preference,current,present,4,37,19,
memtraceb-4fd09df4-kp0216-a27c5-current-present,4fd09df4-d0df-ff7e-bb39-5f4faedfac2c,216,preference,preference,current,present,5,45,27,
memtraceb-4fd09df4-kp0216-a35c6-current-present,4fd09df4-d0df-ff7e-bb39-5f4faedfac2c,216,preference,preference,current,present,6,53,35,
memtraceb-4fd09df4-kp0216-a43c7-current-present,4fd09df4-d0df-ff7e-bb39-5f4faedfac2c,216,preference,preference,current,present,7,61,43,
memtraceb-4fd09df4-kp0301-a2c3-current-present,4fd09df4-d0df-ff7e-bb39-5f4faedfac2c,301,static,static,current,present,3,30,2,
memtraceb-4fd09df4-kp0301-a9c4-current-present,4fd09df4-d0df-ff7e-bb39-5f4faedfac2c,301,static,static,current,present,4,37,9,
memtraceb-4fd09df4-kp0301-a17c5-current-present,4fd09df4-d0df-ff7e-bb39-5f4faedfac2c,301,static,static,current,present,5,45,17,
memtraceb-4fd09df4-kp0301-a25c6-current-present,4fd09df4-d0df-ff7e-bb39-5f4faedfac2c,301,static,static,current,present,6,53,25,
memtraceb-4fd09df4-kp0301-a33c7-current-present,4fd09df4-d0df-ff7e-bb39-5f4faedfac2c,301,static,static,current,present,7,61,33,
memtraceb-4fd09df4-kp0326-a6c4-current-present,4fd09df4-d0df-ff7e-bb39-5f4faedfac2c,326,dynamic,dynamic,current,present,4,37,6,item_stale
memtraceb-4fd09df4-kp0326-a6c4-historical-present,4fd09df4-d0df-ff7e-bb39-5f4faedfac2c,326,dynamic,dynamic,historical,present,4,37,6,retrieval_error
memtraceb-4fd09df4-kp0326-a6c4-trajectory-present,4fd09df4-d0df-ff7e-bb39-5f4faedfac2c,326,dynamic,dynamic,trajectory,present,4,37,6,granularity_error
memtraceb-4fd09df4-kp0326-a6c4-current-contradicted,4fd09df4-d0df-ff7e-bb39-5f4faedfac2c,326,dynamic,conflict_distractor,current,contradicted,4,37,6,item_conflict
memtraceb-4fd09df4-kp0326-a14c5-current-present,4fd09df4-d0df-ff7e-bb39-5f4faedfac2c,326,dynamic,dynamic,current,present,5,45,14,item_stale
memtraceb-4fd09df4-kp0326-a14c5-historical-present,4fd09df4-d0df-ff7e-bb39-5f4faedfac2c,326,dynamic,dynamic,historical,present,5,45,14,retrieval_error
memtraceb-4fd09df4-kp0326-a14c5-trajectory-present,4fd09df4-d0df-ff7e-bb39-5f4faedfac2c,326,dynamic,dynamic,trajectory,present,5,45,14,granularity_error
memtraceb-4fd09df4-kp0326-a14c5-current-contradicted,4fd09df4-d0df-ff7e-bb39-5f4faedfac2c,326,dynamic,conflict_distractor,current,contradicted,5,45,14,item_conflict
memtraceb-4fd09df4-kp0326-a22c6-current-present,4fd09df4-d0df-ff7e-bb39-5f4faedfac2c,326,dynamic,dynamic,current,present,6,53,22,item_stale
memtraceb-4fd09df4-kp0326-a22c6-historical-present,4fd09df4-d0df-ff7e-bb39-5f4faedfac2c,326,dynamic,dynamic,historical,present,6,53,22,retrieval_error
memtraceb-4fd09df4-kp0326-a22c6-trajectory-present,4fd09df4-d0df-ff7e-bb39-5f4faedfac2c,326,dynamic,dynamic,trajectory,present,6,53,22,granularity_error
memtraceb-4fd09df4-kp0326-a22c6-current-contradicted,4fd09df4-d0df-ff7e-bb39-5f4faedfac2c,326,dynamic,conflict_distractor,current,contradicted,6,53,22,item_conflict
memtraceb-4fd09df4-kp0326-a30c7-current-present,4fd09df4-d0df-ff7e-bb39-5f4faedfac2c,326,dynamic,dynamic,current,present,7,61,30,item_stale
memtraceb-4fd09df4-kp0326-a30c7-historical-present,4fd09df4-d0df-ff7e-bb39-5f4faedfac2c,326,dynamic,dynamic,historical,present,7,61,30,retrieval_error
memtraceb-4fd09df4-kp0326-a30c7-trajectory-present,4fd09df4-d0df-ff7e-bb39-5f4faedfac2c,326,dynamic,dynamic,trajectory,present,7,61,30,granularity_error
memtraceb-4fd09df4-kp0326-a30c7-current-contradicted,4fd09df4-d0df-ff7e-bb39-5f4faedfac2c,326,dynamic,conflict_distractor,current,contradicted,7,61,30,item_conflict
memtraceb-4fd09df4-bdclothingpreference-a6c0-current-missing,4fd09df4-d0df-ff7e-bb39-5f4faedfac2c,,boundary,boundary_distractor,current,missing,0,6,6,safety_error
memtraceb-4fd09df4-bdclothingpreference-a14c1-current-missing,4fd09df4-d0df-ff7e-bb39-5f4faedfac2c,,boundary,boundary_distractor,current,missing,1,14,14,safety_error
memtraceb-4fd09df4-bdclothingpreference-a22c2-current-missing,4fd09df4-d0df-ff7e-bb39-5f4faedfac2c,,boundary,boundary_distractor,current,missing,2,22,22,safety_error
memtraceb-4fd09df4-bdclothingpreference-a30c3-current-missing,4fd09df4-d0df-ff7e-bb39-5f4faedfac2c,,boundary,boundary_distractor,current,missing,3,30,30,safety_error
memtraceb-4fd09df4-bdclothingpreference-a37c4-current-missing,4fd09df4-d0df-ff7e-bb39-5f4faedfac2c,,boundary,boundary_distractor,current,missing,4,37,37,safety_error
memtraceb-4fd09df4-bdclothingpreference-a45c5-current-missing,4fd09df4-d0df-ff7e-bb39-5f4faedfac2c,,boundary,boundary_distractor,current,missing,5,45,45,safety_error
memtraceb-4fd09df4-bdclothingpreference-a53c6-current-missing,4fd09df4-d0df-ff7e-bb39-5f4faedfac2c,,boundary,boundary_distractor,current,missing,6,53,53,safety_error
memtraceb-4fd09df4-bdclothingpreference-a61c7-current-missing,4fd09df4-d0df-ff7e-bb39-5f4faedfac2c,,boundary,boundary_distractor,current,missing,7,61,61,safety_error
memtraceb-4fd09df4-bdpetpreference-a6c0-current-missing,4fd09df4-d0df-ff7e-bb39-5f4faedfac2c,,boundary,boundary_distractor,current,missing,0,6,6,safety_error
memtraceb-4fd09df4-bdpetpreference-a14c1-current-missing,4fd09df4-d0df-ff7e-bb39-5f4faedfac2c,,boundary,boundary_distractor,current,missing,1,14,14,safety_error
memtraceb-4fd09df4-bdpetpreference-a22c2-current-missing,4fd09df4-d0df-ff7e-bb39-5f4faedfac2c,,boundary,boundary_distractor,current,missing,2,22,22,safety_error
memtraceb-4fd09df4-bdpetpreference-a30c3-current-missing,4fd09df4-d0df-ff7e-bb39-5f4faedfac2c,,boundary,boundary_distractor,current,missing,3,30,30,safety_error
memtraceb-4fd09df4-bdpetpreference-a37c4-current-missing,4fd09df4-d0df-ff7e-bb39-5f4faedfac2c,,boundary,boundary_distractor,current,missing,4,37,37,safety_error
memtraceb-4fd09df4-bdpetpreference-a45c5-current-missing,4fd09df4-d0df-ff7e-bb39-5f4faedfac2c,,boundary,boundary_distractor,current,missing,5,45,45,safety_error
memtraceb-4fd09df4-bdpetpreference-a53c6-current-missing,4fd09df4-d0df-ff7e-bb39-5f4faedfac2c,,boundary,boundary_distractor,current,missing,6,53,53,safety_error
memtraceb-4fd09df4-bdpetpreference-a61c7-current-missing,4fd09df4-d0df-ff7e-bb39-5f4faedfac2c,,boundary,boundary_distractor,current,missing,7,61,61,safety_error
memtraceb-4fd09df4-bdreadingpreference-a6c0-current-missing,4fd09df4-d0df-ff7e-bb39-5f4faedfac2c,,boundary,boundary_distractor,current,missing,0,6,6,safety_error
memtraceb-4fd09df4-bdreadingpreference-a14c1-current-missing,4fd09df4-d0df-ff7e-bb39-5f4faedfac2c,,boundary,boundary_distractor,current,missing,1,14,14,safety_error
memtraceb-4fd09df4-bdreadingpreference-a22c2-current-missing,4fd09df4-d0df-ff7e-bb39-5f4faedfac2c,,boundary,boundary_distractor,current,missing,2,22,22,safety_error
memtraceb-4fd09df4-bdreadingpreference-a30c3-current-missing,4fd09df4-d0df-ff7e-bb39-5f4faedfac2c,,boundary,boundary_distractor,current,missing,3,30,30,safety_error
memtraceb-4fd09df4-bdreadingpreference-a37c4-current-missing,4fd09df4-d0df-ff7e-bb39-5f4faedfac2c,,boundary,boundary_distractor,current,missing,4,37,37,safety_error
memtraceb-4fd09df4-bdreadingpreference-a45c5-current-missing,4fd09df4-d0df-ff7e-bb39-5f4faedfac2c,,boundary,boundary_distractor,current,missing,5,45,45,safety_error
memtraceb-4fd09df4-bdreadingpreference-a53c6-current-missing,4fd09df4-d0df-ff7e-bb39-5f4faedfac2c,,boundary,boundary_distractor,current,missing,6,53,53,safety_error
memtraceb-4fd09df4-bdreadingpreference-a61c7-current-missing,4fd09df4-d0df-ff7e-bb39-5f4faedfac2c,,boundary,boundary_distractor,current,missing,7,61,61,safety_error
memtraceb-1b846c59-kp0000-a7c0-current-present,1b846c59-456e-9550-dffd-4d23f1eca81f,0,static,static,current,present,0,7,7,
memtraceb-1b846c59-kp0000-a16c1-current-present,1b846c59-456e-9550-dffd-4d23f1eca81f,0,static,static,current,present,1,16,16,
memtraceb-1b846c59-kp0000-a25c2-current-present,1b846c59-456e-9550-dffd-4d23f1eca81f,0,static,static,current,present,2,25,25,
memtraceb-1b846c59-kp0000-a34c3-current-present,1b846c59-456e-9550-dffd-4d23f1eca81f,0,static,static,current,present,3,34,34,
memtraceb-1b846c59-kp0000-a42c4-current-present,1b846c59-456e-9550-dffd-4d23f1eca81f,0,static,static,current,present,4,42,42,
memtraceb-1b846c59-kp0000-a51c5-current-present,1b846c59-456e-9550-dffd-4d23f1eca81f,0,static,static,current,present,5,51,51,
memtraceb-1b846c59-kp0000-a60c6-current-present,1b846c59-456e-9550-dffd-4d23f1eca81f,0,static,static,current,present,6,60,60,
memtraceb-1b846c59-kp0000-a69c7-current-present,1b846c59-456e-9550-dffd-4d23f1eca81f,0,static,static,current,present,7,69,69,
memtraceb-1b846c59-kp0028-a5c0-current-present,1b846c59-456e-9550-dffd-4d23f1eca81f,28,preference,preference,current,present,0,7,5,
memtraceb-1b846c59-kp0028-a14c1-current-present,1b846c59-456e-9550-dffd-4d23f1eca81f,28,preference,preference,current,present,1,16,14,
memtraceb-1b846c59-kp0028-a23c2-current-present,1b846c59-456e-9550-dffd-4d23f1eca81f,28,preference,preference,current,present,2,25,23,
memtraceb-1b846c59-kp0028-a32c3-current-present,1b846c59-456e-9550-dffd-4d23f1eca81f,28,preference,preference,current,present,3,34,32,
memtraceb-1b846c59-kp0028-a40c4-current-present,1b846c59-456e-9550-dffd-4d23f1eca81f,28,preference,preference,current,present,4,42,40,
memtraceb-1b846c59-kp0028-a49c5-current-present,1b846c59-456e-9550-dffd-4d23f1eca81f,28,preference,preference,current,present,5,51,49,
memtraceb-1b846c59-kp0028-a58c6-current-present,1b846c59-456e-9550-dffd-4d23f1eca81f,28,preference,preference,current,present,6,60,58,
memtraceb-1b846c59-kp0028-a67c7-current-present,1b846c59-456e-9550-dffd-4d23f1eca81f,28,preference,preference,current,present,7,69,67,
memtraceb-1b846c59-kp0099-a4c0-current-present,1b846c59-456e-9550-dffd-4d23f1eca81f,99,dynamic,dynamic,current,present,0,7,4,item_stale
memtraceb-1b846c59-kp0099-a4c0-historical-present,1b846c59-456e-9550-dffd-4d23f1eca81f,99,dynamic,dynamic,historical,present,0,7,4,retrieval_error
memtraceb-1b846c59-kp0099-a4c0-trajectory-present,1b846c59-456e-9550-dffd-4d23f1eca81f,99,dynamic,dynamic,trajectory,present,0,7,4,granularity_error
memtraceb-1b846c59-kp0099-a4c0-current-contradicted,1b846c59-456e-9550-dffd-4d23f1eca81f,99,dynamic,conflict_distractor,current,contradicted,0,7,4,item_conflict
memtraceb-1b846c59-kp0099-a13c1-current-present,1b846c59-456e-9550-dffd-4d23f1eca81f,99,dynamic,dynamic,current,present,1,16,13,item_stale
memtraceb-1b846c59-kp0099-a13c1-historical-present,1b846c59-456e-9550-dffd-4d23f1eca81f,99,dynamic,dynamic,historical,present,1,16,13,retrieval_error
memtraceb-1b846c59-kp0099-a13c1-trajectory-present,1b846c59-456e-9550-dffd-4d23f1eca81f,99,dynamic,dynamic,trajectory,present,1,16,13,granularity_error
memtraceb-1b846c59-kp0099-a13c1-current-contradicted,1b846c59-456e-9550-dffd-4d23f1eca81f,99,dynamic,conflict_distractor,current,contradicted,1,16,13,item_conflict
memtraceb-1b846c59-kp0099-a22c2-current-present,1b846c59-456e-9550-dffd-4d23f1eca81f,99,dynamic,dynamic,current,present,2,25,22,item_stale
memtraceb-1b846c59-kp0099-a22c2-historical-present,1b846c59-456e-9550-dffd-4d23f1eca81f,99,dynamic,dynamic,historical,present,2,25,22,retrieval_error
memtraceb-1b846c59-kp0099-a22c2-trajectory-present,1b846c59-456e-9550-dffd-4d23f1eca81f,99,dynamic,dynamic,trajectory,present,2,25,22,granularity_error
memtraceb-1b846c59-kp0099-a22c2-current-contradicted,1b846c59-456e-9550-dffd-4d23f1eca81f,99,dynamic,conflict_distractor,current,contradicted,2,25,22,item_conflict
memtraceb-1b846c59-kp0099-a31c3-current-present,1b846c59-456e-9550-dffd-4d23f1eca81f,99,dynamic,dynamic,current,present,3,34,31,item_stale
memtraceb-1b846c59-kp0099-a31c3-historical-present,1b846c59-456e-9550-dffd-4d23f1eca81f,99,dynamic,dynamic,historical,present,3,34,31,retrieval_error
memtraceb-1b846c59-kp0099-a31c3-trajectory-present,1b846c59-456e-9550-dffd-4d23f1eca81f,99,dynamic,dynamic,trajectory,present,3,34,31,granularity_error
memtraceb-1b846c59-kp0099-a31c3-current-contradicted,1b846c59-456e-9550-dffd-4d23f1eca81f,99,dynamic,conflict_distractor,current,contradicted,3,34,31,item_conflict
memtraceb-1b846c59-kp0099-a39c4-current-present,1b846c59-456e-9550-dffd-4d23f1eca81f,99,dynamic,dynamic,current,present,4,42,39,item_stale
memtraceb-1b846c59-kp0099-a39c4-historical-present,1b846c59-456e-9550-dffd-4d23f1eca81f,99,dynamic,dynamic,historical,present,4,42,39,retrieval_error
memtraceb-1b846c59-kp0099-a39c4-trajectory-present,1b846c59-456e-9550-dffd-4d23f1eca81f,99,dynamic,dynamic,trajectory,present,4,42,39,granularity_error
memtraceb-1b846c59-kp0099-a39c4-current-contradicted,1b846c59-456e-9550-dffd-4d23f1eca81f,99,dynamic,conflict_distractor,current,contradicted,4,42,39,item_conflict
memtraceb-1b846c59-kp0099-a48c5-current-present,1b846c59-456e-9550-dffd-4d23f1eca81f,99,dynamic,dynamic,current,present,5,51,48,item_stale
memtraceb-1b846c59-kp0099-a48c5-historical-present,1b846c59-456e-9550-dffd-4d23f1eca81f,99,dynamic,dynamic,historical,present,5,51,48,retrieval_error
memtraceb-1b846c59-kp0099-a48c5-trajectory-present,1b846c59-456e-9550-dffd-4d23f1eca81f,99,dynamic,dynamic,trajectory,present,5,51,48,granularity_error
memtraceb-1b846c59-kp0099-a48c5-current-contradicted,1b846c59-456e-9550-dffd-4d23f1eca81f,99,dynamic,conflict_distractor,current,contradicted,5,51,48,item_conflict
memtraceb-1b846c59-kp0099-a57c6-current-present,1b846c59-456e-9550-dffd-4d23f1eca81f,99,dynamic,dynamic,current,present,6,60,57,item_stale
memtraceb-1b846c59-kp0099-a57c6-historical-present,1b846c59-456e-9550-dffd-4d23f1eca81f,99,dynamic,dynamic,historical,present,6,60,57,retrieval_error
memtraceb-1b846c59-kp0099-a57c6-trajectory-present,1b846c59-456e-9550-dffd-4d23f1eca81f,99,dynamic,dynamic,trajectory,present,6,60,57,granularity_error
memtraceb-1b846c59-kp0099-a57c6-current-contradicted,1b846c59-456e-9550-dffd-4d23f1eca81f,99,dynamic,conflict_distractor,current,contradicted,6,60,57,item_conflict
memtraceb-1b846c59-kp0099-a66c7-current-present,1b846c59-456e-9550-dffd-4d23f1eca81f,99,dynamic,dynamic,current,present,7,69,66,item_stale
memtraceb-1b846c59-kp0099-a66c7-historical-present,1b846c59-456e-9550-dffd-4d23f1eca81f,99,dynamic,dynamic,historical,present,7,69,66,retrieval_error
memtraceb-1b846c59-kp0099-a66c7-trajectory-present,1b846c59-456e-9550-dffd-4d23f1eca81f,99,dynamic,dynamic,trajectory,present,7,69,66,granularity_error
memtraceb-1b846c59-kp0099-a66c7-current-contradicted,1b846c59-456e-9550-dffd-4d23f1eca81f,99,dynamic,conflict_distractor,current,contradicted,7,69,66,item_conflict
memtraceb-1b846c59-kp0161-a6c1-current-present,1b846c59-456e-9550-dffd-4d23f1eca81f,161,preference,preference,current,present,1,16,6,
memtraceb-1b846c59-kp0161-a15c2-current-present,1b846c59-456e-9550-dffd-4d23f1eca81f,161,preference,preference,current,present,2,25,15,
memtraceb-1b846c59-kp0161-a24c3-current-present,1b846c59-456e-9550-dffd-4d23f1eca81f,161,preference,preference,current,present,3,34,24,
memtraceb-1b846c59-kp0161-a32c4-current-present,1b846c59-456e-9550-dffd-4d23f1eca81f,161,preference,preference,current,present,4,42,32,
memtraceb-1b846c59-kp0161-a41c5-current-present,1b846c59-456e-9550-dffd-4d23f1eca81f,161,preference,preference,current,present,5,51,41,
memtraceb-1b846c59-kp0161-a50c6-current-present,1b846c59-456e-9550-dffd-4d23f1eca81f,161,preference,preference,current,present,6,60,50,
memtraceb-1b846c59-kp0161-a59c7-current-present,1b846c59-456e-9550-dffd-4d23f1eca81f,161,preference,preference,current,present,7,69,59,
memtraceb-1b846c59-kp0348-a1c3-current-present,1b846c59-456e-9550-dffd-4d23f1eca81f,348,static,static,current,present,3,34,1,
memtraceb-1b846c59-kp0348-a9c4-current-present,1b846c59-456e-9550-dffd-4d23f1eca81f,348,static,static,current,present,4,42,9,
memtraceb-1b846c59-kp0348-a18c5-current-present,1b846c59-456e-9550-dffd-4d23f1eca81f,348,static,static,current,present,5,51,18,
memtraceb-1b846c59-kp0348-a27c6-current-present,1b846c59-456e-9550-dffd-4d23f1eca81f,348,static,static,current,present,6,60,27,
memtraceb-1b846c59-kp0348-a36c7-current-present,1b846c59-456e-9550-dffd-4d23f1eca81f,348,static,static,current,present,7,69,36,
memtraceb-1b846c59-kp0365-a6c4-current-present,1b846c59-456e-9550-dffd-4d23f1eca81f,365,dynamic,dynamic,current,present,4,42,6,item_stale
memtraceb-1b846c59-kp0365-a6c4-historical-present,1b846c59-456e-9550-dffd-4d23f1eca81f,365,dynamic,dynamic,historical,present,4,42,6,retrieval_error
memtraceb-1b846c59-kp0365-a6c4-trajectory-present,1b846c59-456e-9550-dffd-4d23f1eca81f,365,dynamic,dynamic,trajectory,present,4,42,6,granularity_error
memtraceb-1b846c59-kp0365-a6c4-current-contradicted,1b846c59-456e-9550-dffd-4d23f1eca81f,365,dynamic,conflict_distractor,current,contradicted,4,42,6,item_conflict
memtraceb-1b846c59-kp0365-a15c5-current-present,1b846c59-456e-9550-dffd-4d23f1eca81f,365,dynamic,dynamic,current,present,5,51,15,item_stale
memtraceb-1b846c59-kp0365-a15c5-historical-present,1b846c59-456e-9550-dffd-4d23f1eca81f,365,dynamic,dynamic,historical,present,5,51,15,retrieval_error
memtraceb-1b846c59-kp0365-a15c5-trajectory-present,1b846c59-456e-9550-dffd-4d23f1eca81f,365,dynamic,dynamic,trajectory,present,5,51,15,granularity_error
memtraceb-1b846c59-kp0365-a15c5-current-contradicted,1b846c59-456e-9550-dffd-4d23f1eca81f,365,dynamic,conflict_distractor,current,contradicted,5,51,15,item_conflict
memtraceb-1b846c59-kp0365-a24c6-current-present,1b846c59-456e-9550-dffd-4d23f1eca81f,365,dynamic,dynamic,current,present,6,60,24,item_stale
memtraceb-1b846c59-kp0365-a24c6-historical-present,1b846c59-456e-9550-dffd-4d23f1eca81f,365,dynamic,dynamic,historical,present,6,60,24,retrieval_error
memtraceb-1b846c59-kp0365-a24c6-trajectory-present,1b846c59-456e-9550-dffd-4d23f1eca81f,365,dynamic,dynamic,trajectory,present,6,60,24,granularity_error
memtraceb-1b846c59-kp0365-a24c6-current-contradicted,1b846c59-456e-9550-dffd-4d23f1eca81f,365,dynamic,conflict_distractor,current,contradicted,6,60,24,item_conflict
memtraceb-1b846c59-kp0365-a33c7-current-present,1b846c59-456e-9550-dffd-4d23f1eca81f,365,dynamic,dynamic,current,present,7,69,33,item_stale
memtraceb-1b846c59-kp0365-a33c7-historical-present,1b846c59-456e-9550-dffd-4d23f1eca81f,365,dynamic,dynamic,historical,present,7,69,33,retrieval_error
memtraceb-1b846c59-kp0365-a33c7-trajectory-present,1b846c59-456e-9550-dffd-4d23f1eca81f,365,dynamic,dynamic,trajectory,present,7,69,33,granularity_error
memtraceb-1b846c59-kp0365-a33c7-current-contradicted,1b846c59-456e-9550-dffd-4d23f1eca81f,365,dynamic,conflict_distractor,current,contradicted,7,69,33,item_conflict
memtraceb-1b846c59-bdsportspreference-a7c0-current-missing,1b846c59-456e-9550-dffd-4d23f1eca81f,,boundary,boundary_distractor,current,missing,0,7,7,safety_error
memtraceb-1b846c59-bdsportspreference-a16c1-current-missing,1b846c59-456e-9550-dffd-4d23f1eca81f,,boundary,boundary_distractor,current,missing,1,16,16,safety_error
memtraceb-1b846c59-bdsportspreference-a25c2-current-missing,1b846c59-456e-9550-dffd-4d23f1eca81f,,boundary,boundary_distractor,current,missing,2,25,25,safety_error
memtraceb-1b846c59-bdsportspreference-a34c3-current-missing,1b846c59-456e-9550-dffd-4d23f1eca81f,,boundary,boundary_distractor,current,missing,3,34,34,safety_error
memtraceb-1b846c59-bdsportspreference-a42c4-current-missing,1b846c59-456e-9550-dffd-4d23f1eca81f,,boundary,boundary_distractor,current,missing,4,42,42,safety_error
memtraceb-1b846c59-bdsportspreference-a51c5-current-missing,1b846c59-456e-9550-dffd-4d23f1eca81f,,boundary,boundary_distractor,current,missing,5,51,51,safety_error
memtraceb-1b846c59-bdsportspreference-a60c6-current-missing,1b846c59-456e-9550-dffd-4d23f1eca81f,,boundary,boundary_distractor,current,missing,6,60,60,safety_error
memtraceb-1b846c59-bdsportspreference-a69c7-current-missing,1b846c59-456e-9550-dffd-4d23f1eca81f,,boundary,boundary_distractor,current,missing,7,69,69,safety_error
memtraceb-1b846c59-bdtravelpreference-a7c0-current-missing,1b846c59-456e-9550-dffd-4d23f1eca81f,,boundary,boundary_distractor,current,missing,0,7,7,safety_error
memtraceb-1b846c59-bdtravelpreference-a16c1-current-missing,1b846c59-456e-9550-dffd-4d23f1eca81f,,boundary,boundary_distractor,current,missing,1,16,16,safety_error
memtraceb-1b846c59-bdtravelpreference-a25c2-current-missing,1b846c59-456e-9550-dffd-4d23f1eca81f,,boundary,boundary_distractor,current,missing,2,25,25,safety_error
memtraceb-1b846c59-bdtravelpreference-a34c3-current-missing,1b846c59-456e-9550-dffd-4d23f1eca81f,,boundary,boundary_distractor,current,missing,3,34,34,safety_error
memtraceb-1b846c59-bdtravelpreference-a42c4-current-missing,1b846c59-456e-9550-dffd-4d23f1eca81f,,boundary,boundary_distractor,current,missing,4,42,42,safety_error
memtraceb-1b846c59-bdtravelpreference-a51c5-current-missing,1b846c59-456e-9550-dffd-4d23f1eca81f,,boundary,boundary_distractor,current,missing,5,51,51,safety_error
memtraceb-1b846c59-bdtravelpreference-a60c6-current-missing,1b846c59-456e-9550-dffd-4d23f1eca81f,,boundary,boundary_distractor,current,missing,6,60,60,safety_error
memtraceb-1b846c59-bdtravelpreference-a69c7-current-missing,1b846c59-456e-9550-dffd-4d23f1eca81f,,boundary,boundary_distractor,current,missing,7,69,69,safety_error
memtraceb-bde53a03-kp0000-a7c0-current-present,bde53a03-5db5-ec95-ed7a-37b16b358336,0,static,static,current,present,0,7,7,
memtraceb-bde53a03-kp0000-a15c1-current-present,bde53a03-5db5-ec95-ed7a-37b16b358336,0,static,static,current,present,1,15,15,
memtraceb-bde53a03-kp0000-a24c2-current-present,bde53a03-5db5-ec95-ed7a-37b16b358336,0,static,static,current,present,2,24,24,
memtraceb-bde53a03-kp0000-a32c3-current-present,bde53a03-5db5-ec95-ed7a-37b16b358336,0,static,static,current,present,3,32,32,
memtraceb-bde53a03-kp0000-a40c4-current-present,bde53a03-5db5-ec95-ed7a-37b16b358336,0,static,static,current,present,4,40,40,
memtraceb-bde53a03-kp0000-a49c5-current-present,bde53a03-5db5-ec95-ed7a-37b16b358336,0,static,static,current,present,5,49,49,
memtraceb-bde53a03-kp0000-a57c6-current-present,bde53a03-5db5-ec95-ed7a-37b16b358336,0,static,static,current,present,6,57,57,
memtraceb-bde53a03-kp0000-a66c7-current-present,bde53a03-5db5-ec95-ed7a-37b16b358336,0,static,static,current,present,7,66,66,
memtraceb-bde53a03-kp0028-a5c0-current-present,bde53a03-5db5-ec95-ed7a-37b16b358336,28,preference,preference,current,present,0,7,5,
memtraceb-bde53a03-kp0028-a13c1-current-present,bde53a03-5db5-ec95-ed7a-37b16b358336,28,preference,preference,current,present,1,15,13,
memtraceb-bde53a03-kp0028-a22c2-current-present,bde53a03-5db5-ec95-ed7a-37b16b358336,28,preference,preference,current,present,2,24,22,
memtraceb-bde53a03-kp0028-a30c3-current-present,bde53a03-5db5-ec95-ed7a-37b16b358336,28,preference,preference,current,present,3,32,30,
memtraceb-bde53a03-kp0028-a38c4-current-present,bde53a03-5db5-ec95-ed7a-37b16b358336,28,preference,preference,current,present,4,40,38,
memtraceb-bde53a03-kp0028-a47c5-current-present,bde53a03-5db5-ec95-ed7a-37b16b358336,28,preference,preference,current,present,5,49,47,
memtraceb-bde53a03-kp0028-a55c6-current-present,bde53a03-5db5-ec95-ed7a-37b16b358336,28,preference,preference,current,present,6,57,55,
memtraceb-bde53a03-kp0028-a64c7-current-present,bde53a03-5db5-ec95-ed7a-37b16b358336,28,preference,preference,current,present,7,66,64,
memtraceb-bde53a03-kp0072-a4c0-current-present,bde53a03-5db5-ec95-ed7a-37b16b358336,72,dynamic,dynamic,current,present,0,7,4,item_stale
memtraceb-bde53a03-kp0072-a4c0-historical-present,bde53a03-5db5-ec95-ed7a-37b16b358336,72,dynamic,dynamic,historical,present,0,7,4,retrieval_error
memtraceb-bde53a03-kp0072-a4c0-trajectory-present,bde53a03-5db5-ec95-ed7a-37b16b358336,72,dynamic,dynamic,trajectory,present,0,7,4,granularity_error
memtraceb-bde53a03-kp0072-a4c0-current-contradicted,bde53a03-5db5-ec95-ed7a-37b16b358336,72,dynamic,conflict_distractor,current,contradicted,0,7,4,item_conflict
memtraceb-bde53a03-kp0072-a12c1-current-present,bde53a03-5db5-ec95-ed7a-37b16b358336,72,dynamic,dynamic,current,present,1,15,12,item_stale
memtraceb-bde53a03-kp0072-a12c1-historical-present,bde53a03-5db5-ec95-ed7a-37b16b358336,72,dynamic,dynamic,historical,present,1,15,12,retrieval_error
memtraceb-bde53a03-kp0072-a12c1-trajectory-present,bde53a03-5db5-ec95-ed7a-37b16b358336,72,dynamic,dynamic,trajectory,present,1,15,12,granularity_error
memtraceb-bde53a03-kp0072-a12c1-current-contradicted,bde53a03-5db5-ec95-ed7a-37b16b358336,72,dynamic,conflict_distractor,current,contradicted,1,15,12,item_conflict
memtraceb-bde53a03-kp0072-a21c2-current-present,bde53a03-5db5-ec95-ed7a-37b16b358336,72,dynamic,dynamic,current,present,2,24,21,item_stale
memtraceb-bde53a03-kp0072-a21c2-historical-present,bde53a03-5db5-ec95-ed7a-37b16b358336,72,dynamic,dynamic,historical,present,2,24,21,retrieval_error
memtraceb-bde53a03-kp0072-a21c2-trajectory-present,bde53a03-5db5-ec95-ed7a-37b16b358336,72,dynamic,dynamic,trajectory,present,2,24,21,granularity_error
memtraceb-bde53a03-kp0072-a21c2-current-contradicted,bde53a03-5db5-ec95-ed7a-37b16b358336,72,dynamic,conflict_distractor,current,contradicted,2,24,21,item_conflict
memtraceb-bde53a03-kp0072-a29c3-current-present,bde53a03-5db5-ec95-ed7a-37b16b358336,72,dynamic,dynamic,current,present,3,32,29,item_stale
memtraceb-bde53a03-kp0072-a29c3-historical-present,bde53a03-5db5-ec95-ed7a-37b16b358336,72,dynamic,dynamic,historical,present,3,32,29,retrieval_error
memtraceb-bde53a03-kp0072-a29c3-trajectory-present,bde53a03-5db5-ec95-ed7a-37b16b358336,72,dynamic,dynamic,trajectory,present,3,32,29,granularity_error
memtraceb-bde53a03-kp0072-a29c3-current-contradicted,bde53a03-5db5-ec95-ed7a-37b16b358336,72,dynamic,conflict_distractor,current,contradicted,3,32,29,item_conflict
memtraceb-bde53a03-kp0072-a37c4-current-present,bde53a03-5db5-ec95-ed7a-37b16b358336,72,dynamic,dynamic,current,present,4,40,37,item_stale
memtraceb-bde53a03-kp0072-a37c4-historical-present,bde53a03-5db5-ec95-ed7a-37b16b358336,72,dynamic,dynamic,historical,present,4,40,37,retrieval_error
memtraceb-bde53a03-kp0072-a37c4-trajectory-present,bde53a03-5db5-ec95-ed7a-37b16b358336,72,dynamic,dynamic,trajectory,present,4,40,37,granularity_error
memtraceb-bde53a03-kp0072-a37c4-current-contradicted,bde53a03-5db5-ec95-ed7a-37b16b358336,72,dynamic,conflict_distractor,current,contradicted,4,40,37,item_conflict
memtraceb-bde53a03-kp0072-a46c5-current-present,bde53a03-5db5-ec95-ed7a-37b16b358336,72,dynamic,dynamic,current,present,5,49,46,item_stale
memtraceb-bde53a03-kp0072-a46c5-historical-present,bde53a03-5db5-ec95-ed7a-37b16b358336,72,dynamic,dynamic,historical,present,5,49,46,retrieval_error
memtraceb-bde53a03-kp0072-a46c5-trajectory-present,bde53a03-5db5-ec95-ed7a-37b16b358336,72,dynamic,dynamic,trajectory,present,5,49,46,granularity_error
memtraceb-bde53a03-kp0072-a46c5-current-contradicted,bde53a03-5db5-ec95-ed7a-37b16b358336,72,dynamic,conflict_distractor,current,contradicted,5,49,46,item_conflict
memtraceb-bde53a03-kp0072-a54c6-current-present,bde53a03-5db5-ec95-ed7a-37b16b358336,72,dynamic,dynamic,current,present,6,57,54,item_stale
memtraceb-bde53a03-kp0072-a54c6-historical-present,bde53a03-5db5-ec95-ed7a-37b16b358336,72,dynamic,dynamic,historical,present,6,57,54,retrieval_error
memtraceb-bde53a03-kp0072-a54c6-trajectory-present,bde53a03-5db5-ec95-ed7a-37b16b358336,72,dynamic,dynamic,trajectory,present,6,57,54,granularity_error
memtraceb-bde53a03-kp0072-a54c6-current-contradicted,bde53a03-5db5-ec95-ed7a-37b16b358336,72,dynamic,conflict_distractor,current,contradicted,6,57,54,item_conflict
memtraceb-bde53a03-kp0072-a63c7-current-present,bde53a03-5db5-ec95-ed7a-37b16b358336,72,dynamic,dynamic,current,present,7,66,63,item_stale
memtraceb-bde53a03-kp0072-a63c7-historical-present,bde53a03-5db5-ec95-ed7a-37b16b358336,72,dynamic,dynamic,historical,present,7,66,63,retrieval_error
memtraceb-bde53a03-kp0072-a63c7-trajectory-present,bde53a03-5db5-ec95-ed7a-37b16b358336,72,dynamic,dynamic,trajectory,present,7,66,63,granularity_error
memtraceb-bde53a03-kp0072-a63c7-current-contradicted,bde53a03-5db5-ec95-ed7a-37b16b358336,72,dynamic,conflict_distractor,current,contradicted,7,66,63,item_conflict
memtraceb-bde53a03-kp0222-a2c2-current-present,bde53a03-5db5-ec95-ed7a-37b16b358336,222,preference,preference,current,present,2,24,2,
memtraceb-bde53a03-kp0222-a10c3-current-present,bde53a03-5db5-ec95-ed7a-37b16b358336,222,preference,preference,current,present,3,32,10,
memtraceb-bde53a03-kp0222-a18c4-current-present,bde53a03-5db5-ec95-ed7a-37b16b358336,222,preference,preference,current,present,4,40,18,
memtraceb-bde53a03-kp0222-a27c5-current-present,bde53a03-5db5-ec95-ed7a-37b16b358336,222,preference,preference,current,present,5,49,27,
memtraceb-bde53a03-kp0222-a35c6-current-present,bde53a03-5db5-ec95-ed7a-37b16b358336,222,preference,preference,current,present,6,57,35,
memtraceb-bde53a03-kp0222-a44c7-current-present,bde53a03-5db5-ec95-ed7a-37b16b358336,222,preference,preference,current,present,7,66,44,
memtraceb-bde53a03-kp0268-a5c3-current-present,bde53a03-5db5-ec95-ed7a-37b16b358336,268,dynamic,dynamic,current,present,3,32,5,item_stale
memtraceb-bde53a03-kp0268-a5c3-historical-present,bde53a03-5db5-ec95-ed7a-37b16b358336,268,dynamic,dynamic,historical,present,3,32,5,retrieval_error
memtraceb-bde53a03-kp0268-a5c3-trajectory-present,bde53a03-5db5-ec95-ed7a-37b16b358336,268,dynamic,dynamic,trajectory,present,3,32,5,granularity_error
memtraceb-bde53a03-kp0268-a5c3-current-contradicted,bde53a03-5db5-ec95-ed7a-37b16b358336,268,dynamic,conflict_distractor,current,contradicted,3,32,5,item_conflict
memtraceb-bde53a03-kp0268-a13c4-current-present,bde53a03-5db5-ec95-ed7a-37b16b358336,268,dynamic,dynamic,current,present,4,40,13,item_stale
memtraceb-bde53a03-kp0268-a13c4-historical-present,bde53a03-5db5-ec95-ed7a-37b16b358336,268,dynamic,dynamic,historical,present,4,40,13,retrieval_error
memtraceb-bde53a03-kp0268-a13c4-trajectory-present,bde53a03-5db5-ec95-ed7a-37b16b358336,268,dynamic,dynamic,trajectory,present,4,40,13,granularity_error
memtraceb-bde53a03-kp0268-a13c4-current-contradicted,bde53a03-5db5-ec95-ed7a-37b16b358336,268,dynamic,conflict_distractor,current,contradicted,4,40,13,item_conflict
memtraceb-bde53a03-kp0268-a22c5-current-present,bde53a03-5db5-ec95-ed7a-37b16b358336,268,dynamic,dynamic,current,present,5,49,22,item_stale
memtraceb-bde53a03-kp0268-a22c5-historical-present,bde53a03-5db5-ec95-ed7a-37b16b358336,268,dynamic,dynamic,historical,present,5,49,22,retrieval_error
memtraceb-bde53a03-kp0268-a22c5-trajectory-present,bde53a03-5db5-ec95-ed7a-37b16b358336,268,dynamic,dynamic,trajectory,present,5,49,22,granularity_error
memtraceb-bde53a03-kp0268-a22c5-current-contradicted,bde53a03-5db5-ec95-ed7a-37b16b358336,268,dynamic,conflict_distractor,current,contradicted,5,49,22,item_conflict
memtraceb-bde53a03-kp0268-a30c6-current-present,bde53a03-5db5-ec95-ed7a-37b16b358336,268,dynamic,dynamic,current,present,6,57,30,item_stale
memtraceb-bde53a03-kp0268-a30c6-historical-present,bde53a03-5db5-ec95-ed7a-37b16b358336,268,dynamic,dynamic,historical,present,6,57,30,retrieval_error
memtraceb-bde53a03-kp0268-a30c6-trajectory-present,bde53a03-5db5-ec95-ed7a-37b16b358336,268,dynamic,dynamic,trajectory,present,6,57,30,granularity_error
memtraceb-bde53a03-kp0268-a30c6-current-contradicted,bde53a03-5db5-ec95-ed7a-37b16b358336,268,dynamic,conflict_distractor,current,contradicted,6,57,30,item_conflict
memtraceb-bde53a03-kp0268-a39c7-current-present,bde53a03-5db5-ec95-ed7a-37b16b358336,268,dynamic,dynamic,current,present,7,66,39,item_stale
memtraceb-bde53a03-kp0268-a39c7-historical-present,bde53a03-5db5-ec95-ed7a-37b16b358336,268,dynamic,dynamic,historical,present,7,66,39,retrieval_error
memtraceb-bde53a03-kp0268-a39c7-trajectory-present,bde53a03-5db5-ec95-ed7a-37b16b358336,268,dynamic,dynamic,trajectory,present,7,66,39,granularity_error
memtraceb-bde53a03-kp0268-a39c7-current-contradicted,bde53a03-5db5-ec95-ed7a-37b16b358336,268,dynamic,conflict_distractor,current,contradicted,7,66,39,item_conflict
memtraceb-bde53a03-kp0325-a6c4-current-present,bde53a03-5db5-ec95-ed7a-37b16b358336,325,static,static,current,present,4,40,6,
memtraceb-bde53a03-kp0325-a15c5-current-present,bde53a03-5db5-ec95-ed7a-37b16b358336,325,static,static,current,present,5,49,15,
memtraceb-bde53a03-kp0325-a23c6-current-present,bde53a03-5db5-ec95-ed7a-37b16b358336,325,static,static,current,present,6,57,23,
memtraceb-bde53a03-kp0325-a32c7-current-present,bde53a03-5db5-ec95-ed7a-37b16b358336,325,static,static,current,present,7,66,32,
memtraceb-bde53a03-bdfoodpreference-a7c0-current-missing,bde53a03-5db5-ec95-ed7a-37b16b358336,,boundary,boundary_distractor,current,missing,0,7,7,safety_error
memtraceb-bde53a03-bdfoodpreference-a15c1-current-missing,bde53a03-5db5-ec95-ed7a-37b16b358336,,boundary,boundary_distractor,current,missing,1,15,15,safety_error
memtraceb-bde53a03-bdfoodpreference-a24c2-current-missing,bde53a03-5db5-ec95-ed7a-37b16b358336,,boundary,boundary_distractor,current,missing,2,24,24,safety_error
memtraceb-bde53a03-bdfoodpreference-a32c3-current-missing,bde53a03-5db5-ec95-ed7a-37b16b358336,,boundary,boundary_distractor,current,missing,3,32,32,safety_error
memtraceb-bde53a03-bdfoodpreference-a40c4-current-missing,bde53a03-5db5-ec95-ed7a-37b16b358336,,boundary,boundary_distractor,current,missing,4,40,40,safety_error
memtraceb-bde53a03-bdfoodpreference-a49c5-current-missing,bde53a03-5db5-ec95-ed7a-37b16b358336,,boundary,boundary_distractor,current,missing,5,49,49,safety_error
memtraceb-bde53a03-bdfoodpreference-a57c6-current-missing,bde53a03-5db5-ec95-ed7a-37b16b358336,,boundary,boundary_distractor,current,missing,6,57,57,safety_error
memtraceb-bde53a03-bdfoodpreference-a66c7-current-missing,bde53a03-5db5-ec95-ed7a-37b16b358336,,boundary,boundary_distractor,current,missing,7,66,66,safety_error
memtraceb-bde53a03-bdreadingpreference-a7c0-current-missing,bde53a03-5db5-ec95-ed7a-37b16b358336,,boundary,boundary_distractor,current,missing,0,7,7,safety_error
memtraceb-bde53a03-bdreadingpreference-a15c1-current-missing,bde53a03-5db5-ec95-ed7a-37b16b358336,,boundary,boundary_distractor,current,missing,1,15,15,safety_error
memtraceb-bde53a03-bdreadingpreference-a24c2-current-missing,bde53a03-5db5-ec95-ed7a-37b16b358336,,boundary,boundary_distractor,current,missing,2,24,24,safety_error
memtraceb-bde53a03-bdreadingpreference-a32c3-current-missing,bde53a03-5db5-ec95-ed7a-37b16b358336,,boundary,boundary_distractor,current,missing,3,32,32,safety_error
memtraceb-bde53a03-bdreadingpreference-a40c4-current-missing,bde53a03-5db5-ec95-ed7a-37b16b358336,,boundary,boundary_distractor,current,missing,4,40,40,safety_error
memtraceb-bde53a03-bdreadingpreference-a49c5-current-missing,bde53a03-5db5-ec95-ed7a-37b16b358336,,boundary,boundary_distractor,current,missing,5,49,49,safety_error
memtraceb-bde53a03-bdreadingpreference-a57c6-current-missing,bde53a03-5db5-ec95-ed7a-37b16b358336,,boundary,boundary_distractor,current,missing,6,57,57,safety_error
memtraceb-bde53a03-bdreadingpreference-a66c7-current-missing,bde53a03-5db5-ec95-ed7a-37b16b358336,,boundary,boundary_distractor,current,missing,7,66,66,safety_error
memtraceb-bde53a03-bdsportspreference-a7c0-current-missing,bde53a03-5db5-ec95-ed7a-37b16b358336,,boundary,boundary_distractor,current,missing,0,7,7,safety_error
memtraceb-bde53a03-bdsportspreference-a15c1-current-missing,bde53a03-5db5-ec95-ed7a-37b16b358336,,boundary,boundary_distractor,current,missing,1,15,15,safety_error
memtraceb-bde53a03-bdsportspreference-a24c2-current-missing,bde53a03-5db5-ec95-ed7a-37b16b358336,,boundary,boundary_distractor,current,missing,2,24,24,safety_error
memtraceb-bde53a03-bdsportspreference-a32c3-current-missing,bde53a03-5db5-ec95-ed7a-37b16b358336,,boundary,boundary_distractor,current,missing,3,32,32,safety_error
memtraceb-bde53a03-bdsportspreference-a40c4-current-missing,bde53a03-5db5-ec95-ed7a-37b16b358336,,boundary,boundary_distractor,current,missing,4,40,40,safety_error
memtraceb-bde53a03-bdsportspreference-a49c5-current-missing,bde53a03-5db5-ec95-ed7a-37b16b358336,,boundary,boundary_distractor,current,missing,5,49,49,safety_error
memtraceb-bde53a03-bdsportspreference-a57c6-current-missing,bde53a03-5db5-ec95-ed7a-37b16b358336,,boundary,boundary_distractor,current,missing,6,57,57,safety_error
memtraceb-bde53a03-bdsportspreference-a66c7-current-missing,bde53a03-5db5-ec95-ed7a-37b16b358336,,boundary,boundary_distractor,current,missing,7,66,66,safety_error
memtraceb-bde53a03-bdtravelpreference-a7c0-current-missing,bde53a03-5db5-ec95-ed7a-37b16b358336,,boundary,boundary_distractor,current,missing,0,7,7,safety_error
memtraceb-bde53a03-bdtravelpreference-a15c1-current-missing,bde53a03-5db5-ec95-ed7a-37b16b358336,,boundary,boundary_distractor,current,missing,1,15,15,safety_error
memtraceb-bde53a03-bdtravelpreference-a24c2-current-missing,bde53a03-5db5-ec95-ed7a-37b16b358336,,boundary,boundary_distractor,current,missing,2,24,24,safety_error
memtraceb-bde53a03-bdtravelpreference-a32c3-current-missing,bde53a03-5db5-ec95-ed7a-37b16b358336,,boundary,boundary_distractor,current,missing,3,32,32,safety_error
memtraceb-bde53a03-bdtravelpreference-a40c4-current-missing,bde53a03-5db5-ec95-ed7a-37b16b358336,,boundary,boundary_distractor,current,missing,4,40,40,safety_error
memtraceb-bde53a03-bdtravelpreference-a49c5-current-missing,bde53a03-5db5-ec95-ed7a-37b16b358336,,boundary,boundary_distractor,current,missing,5,49,49,safety_error
memtraceb-bde53a03-bdtravelpreference-a57c6-current-missing,bde53a03-5db5-ec95-ed7a-37b16b358336,,boundary,boundary_distractor,current,missing,6,57,57,safety_error
memtraceb-bde53a03-bdtravelpreference-a66c7-current-missing,bde53a03-5db5-ec95-ed7a-37b16b358336,,boundary,boundary_distractor,current,missing,7,66,66,safety_error
memtraceb-52e6d9cd-kp0000-a6c0-current-present,52e6d9cd-f63e-4065-cbaf-a20347590e07,0,static,static,current,present,0,6,6,
memtraceb-52e6d9cd-kp0000-a14c1-current-present,52e6d9cd-f63e-4065-cbaf-a20347590e07,0,static,static,current,present,1,14,14,
memtraceb-52e6d9cd-kp0000-a21c2-current-present,52e6d9cd-f63e-4065-cbaf-a20347590e07,0,static,static,current,present,2,21,21,
memtraceb-52e6d9cd-kp0000-a29c3-current-present,52e6d9cd-f63e-4065-cbaf-a20347590e07,0,static,static,current,present,3,29,29,
memtraceb-52e6d9cd-kp0000-a37c4-current-present,52e6d9cd-f63e-4065-cbaf-a20347590e07,0,static,static,current,present,4,37,37,
memtraceb-52e6d9cd-kp0000-a44c5-current-present,52e6d9cd-f63e-4065-cbaf-a20347590e07,0,static,static,current,present,5,44,44,
memtraceb-52e6d9cd-kp0000-a52c6-current-present,52e6d9cd-f63e-4065-cbaf-a20347590e07,0,static,static,current,present,6,52,52,
memtraceb-52e6d9cd-kp0000-a60c7-current-present,52e6d9cd-f63e-4065-cbaf-a20347590e07,0,static,static,current,present,7,60,60,
memtraceb-52e6d9cd-kp0027-a4c0-current-present,52e6d9cd-f63e-4065-cbaf-a20347590e07,27,preference,preference,current,present,0,6,4,
memtraceb-52e6d9cd-kp0027-a12c1-current-present,52e6d9cd-f63e-4065-cbaf-a20347590e07,27,preference,preference,current,present,1,14,12,
memtraceb-52e6d9cd-kp0027-a19c2-current-present,52e6d9cd-f63e-4065-cbaf-a20347590e07,27,preference,preference,current,present,2,21,19,
memtraceb-52e6d9cd-kp0027-a27c3-current-present,52e6d9cd-f63e-4065-cbaf-a20347590e07,27,preference,preference,current,present,3,29,27,
memtraceb-52e6d9cd-kp0027-a35c4-current-present,52e6d9cd-f63e-4065-cbaf-a20347590e07,27,preference,preference,current,present,4,37,35,
memtraceb-52e6d9cd-kp0027-a42c5-current-present,52e6d9cd-f63e-4065-cbaf-a20347590e07,27,preference,preference,current,present,5,44,42,
memtraceb-52e6d9cd-kp0027-a50c6-current-present,52e6d9cd-f63e-4065-cbaf-a20347590e07,27,preference,preference,current,present,6,52,50,
memtraceb-52e6d9cd-kp0027-a58c7-current-present,52e6d9cd-f63e-4065-cbaf-a20347590e07,27,preference,preference,current,present,7,60,58,
memtraceb-52e6d9cd-kp0083-a3c0-current-present,52e6d9cd-f63e-4065-cbaf-a20347590e07,83,dynamic,dynamic,current,present,0,6,3,item_stale
memtraceb-52e6d9cd-kp0083-a3c0-historical-present,52e6d9cd-f63e-4065-cbaf-a20347590e07,83,dynamic,dynamic,historical,present,0,6,3,retrieval_error
memtraceb-52e6d9cd-kp0083-a3c0-trajectory-present,52e6d9cd-f63e-4065-cbaf-a20347590e07,83,dynamic,dynamic,trajectory,present,0,6,3,granularity_error
memtraceb-52e6d9cd-kp0083-a3c0-current-contradicted,52e6d9cd-f63e-4065-cbaf-a20347590e07,83,dynamic,conflict_distractor,current,contradicted,0,6,3,item_conflict
memtraceb-52e6d9cd-kp0083-a11c1-current-present,52e6d9cd-f63e-4065-cbaf-a20347590e07,83,dynamic,dynamic,current,present,1,14,11,item_stale
memtraceb-52e6d9cd-kp0083-a11c1-historical-present,52e6d9cd-f63e-4065-cbaf-a20347590e07,83,dynamic,dynamic,historical,present,1,14,11,retrieval_error
memtraceb-52e6d9cd-kp0083-a11c1-trajectory-present,52e6d9cd-f63e-4065-cbaf-a20347590e07,83,dynamic,dynamic,trajectory,present,1,14,11,granularity_error
memtraceb-52e6d9cd-kp0083-a11c1-current-contradicted,52e6d9cd-f63e-4065-cbaf-a20347590e07,83,dynamic,conflict_distractor,current,contradicted,1,14,11,item_conflict
memtraceb-52e6d9cd-kp0083-a18c2-current-present,52e6d9cd-f63e-4065-cbaf-a20347590e07,83,dynamic,dynamic,current,present,2,21,18,item_stale
memtraceb-52e6d9cd-kp0083-a18c2-historical-present,52e6d9cd-f63e-4065-cbaf-a20347590e07,83,dynamic,dynamic,historical,present,2,21,18,retrieval_error
memtraceb-52e6d9cd-kp0083-a18c2-trajectory-present,52e6d9cd-f63e-4065-cbaf-a20347590e07,83,dynamic,dynamic,trajectory,present,2,21,18,granularity_error
memtraceb-52e6d9cd-kp0083-a18c2-current-contradicted,52e6d9cd-f63e-4065-cbaf-a20347590e07,83,dynamic,conflict_distractor,current,contradicted,2,21,18,item_conflict
memtraceb-52e6d9cd-kp0083-a26c3-current-present,52e6d9cd-f63e-4065-cbaf-a20347590e07,83,dynamic,dynamic,current,present,3,29,26,item_stale
memtraceb-52e6d9cd-kp0083-a26c3-historical-present,52e6d9cd-f63e-4065-cbaf-a20347590e07,83,dynamic,dynamic,historical,present,3,29,26,retrieval_error
memtraceb-52e6d9cd-kp0083-a26c3-trajectory-present,52e6d9cd-f63e-4065-cbaf-a20347590e07,83,dynamic,dynamic,trajectory,present,3,29,26,granularity_error
memtraceb-52e6d9cd-kp0083-a26c3-current-contradicted,52e6d9cd-f63e-4065-cbaf-a20347590e07,83,dynamic,conflict_distractor,current,contradicted,3,29,26,item_conflict
memtraceb-52e6d9cd-kp0083-a34c4-current-present,52e6d9cd-f63e-4065-cbaf-a20347590e07,83,dynamic,dynamic,current,present,4,37,34,item_stale
memtraceb-52e6d9cd-kp0083-a34c4-historical-present,52e6d9cd-f63e-4065-cbaf-a20347590e07,83,dynamic,dynamic,historical,present,4,37,34,retrieval_error
memtraceb-52e6d9cd-kp0083-a34c4-trajectory-present,52e6d9cd-f63e-4065-cbaf-a20347590e07,83,dynamic,dynamic,trajectory,present,4,37,34,granularity_error
memtraceb-52e6d9cd-kp0083-a34c4-current-contradicted,52e6d9cd-f63e-4065-cbaf-a20347590e07,83,dynamic,conflict_distractor,current,contradicted,4,37,34,item_conflict
memtraceb-52e6d9cd-kp0083-a41c5-current-present,52e6d9cd-f63e-4065-cbaf-a20347590e07,83,dynamic,dynamic,current,present,5,44,41,item_stale
memtraceb-52e6d9cd-kp0083-a41c5-historical-present,52e6d9cd-f63e-4065-cbaf-a20347590e07,83,dynamic,dynamic,historical,present,5,44,41,retrieval_error
memtraceb-52e6d9cd-kp0083-a41c5-trajectory-present,52e6d9cd-f63e-4065-cbaf-a20347590e07,83,dynamic,dynamic,trajectory,present,5,44,41,granularity_error
memtraceb-52e6d9cd-kp0083-a41c5-current-contradicted,52e6d9cd-f63e-4065-cbaf-a20347590e07,83,dynamic,conflict_distractor,current,contradicted,5,44,41,item_conflict
memtraceb-52e6d9cd-kp0083-a49c6-current-present,52e6d9cd-f63e-4065-cbaf-a20347590e07,83,dynamic,dynamic,current,present,6,52,49,item_stale
memtraceb-52e6d9cd-kp0083-a49c6-historical-present,52e6d9cd-f63e-4065-cbaf-a20347590e07,83,dynamic,dynamic,historical,present,6,52,49,retrieval_error
memtraceb-52e6d9cd-kp0083-a49c6-trajectory-present,52e6d9cd-f63e-4065-cbaf-a20347590e07,83,dynamic,dynamic,trajectory,present,6,52,49,granularity_error
memtraceb-52e6d9cd-kp0083-a49c6-current-contradicted,52e6d9cd-f63e-4065-cbaf-a20347590e07,83,dynamic,conflict_distractor,current,contradicted,6,52,49,item_conflict
memtraceb-52e6d9cd-kp0083-a57c7-current-present,52e6d9cd-f63e-4065-cbaf-a20347590e07,83,dynamic,dynamic,current,present,7,60,57,item_stale
memtraceb-52e6d9cd-kp0083-a57c7-historical-present,52e6d9cd-f63e-4065-cbaf-a20347590e07,83,dynamic,dynamic,historical,present,7,60,57,retrieval_error
memtraceb-52e6d9cd-kp0083-a57c7-trajectory-present,52e6d9cd-f63e-4065-cbaf-a20347590e07,83,dynamic,dynamic,trajectory,present,7,60,57,granularity_error
memtraceb-52e6d9cd-kp0083-a57c7-current-contradicted,52e6d9cd-f63e-4065-cbaf-a20347590e07,83,dynamic,conflict_distractor,current,contradicted,7,60,57,item_conflict
memtraceb-52e6d9cd-kp0215-a2c2-current-present,52e6d9cd-f63e-4065-cbaf-a20347590e07,215,preference,preference,current,present,2,21,2,
memtraceb-52e6d9cd-kp0215-a10c3-current-present,52e6d9cd-f63e-4065-cbaf-a20347590e07,215,preference,preference,current,present,3,29,10,
memtraceb-52e6d9cd-kp0215-a18c4-current-present,52e6d9cd-f63e-4065-cbaf-a20347590e07,215,preference,preference,current,present,4,37,18,
memtraceb-52e6d9cd-kp0215-a25c5-current-present,52e6d9cd-f63e-4065-cbaf-a20347590e07,215,preference,preference,current,present,5,44,25,
memtraceb-52e6d9cd-kp0215-a33c6-current-present,52e6d9cd-f63e-4065-cbaf-a20347590e07,215,preference,preference,current,present,6,52,33,
memtraceb-52e6d9cd-kp0215-a41c7-current-present,52e6d9cd-f63e-4065-cbaf-a20347590e07,215,preference,preference,current,present,7,60,41,
memtraceb-52e6d9cd-kp0268-a4c3-current-present,52e6d9cd-f63e-4065-cbaf-a20347590e07,268,static,static,current,present,3,29,4,
memtraceb-52e6d9cd-kp0268-a12c4-current-present,52e6d9cd-f63e-4065-cbaf-a20347590e07,268,static,static,current,present,4,37,12,
memtraceb-52e6d9cd-kp0268-a19c5-current-present,52e6d9cd-f63e-4065-cbaf-a20347590e07,268,static,static,current,present,5,44,19,
memtraceb-52e6d9cd-kp0268-a27c6-current-present,52e6d9cd-f63e-4065-cbaf-a20347590e07,268,static,static,current,present,6,52,27,
memtraceb-52e6d9cd-kp0268-a35c7-current-present,52e6d9cd-f63e-4065-cbaf-a20347590e07,268,static,static,current,present,7,60,35,
memtraceb-52e6d9cd-kp0330-a3c4-current-present,52e6d9cd-f63e-4065-cbaf-a20347590e07,330,dynamic,dynamic,current,present,4,37,3,item_stale
memtraceb-52e6d9cd-kp0330-a3c4-historical-present,52e6d9cd-f63e-4065-cbaf-a20347590e07,330,dynamic,dynamic,historical,present,4,37,3,retrieval_error
memtraceb-52e6d9cd-kp0330-a3c4-trajectory-present,52e6d9cd-f63e-4065-cbaf-a20347590e07,330,dynamic,dynamic,trajectory,present,4,37,3,granularity_error
memtraceb-52e6d9cd-kp0330-a3c4-current-contradicted,52e6d9cd-f63e-4065-cbaf-a20347590e07,330,dynamic,conflict_distractor,current,contradicted,4,37,3,item_conflict
memtraceb-52e6d9cd-kp0330-a10c5-current-present,52e6d9cd-f63e-4065-cbaf-a20347590e07,330,dynamic,dynamic,current,present,5,44,10,item_stale
memtraceb-52e6d9cd-kp0330-a10c5-historical-present,52e6d9cd-f63e-4065-cbaf-a20347590e07,330,dynamic,dynamic,historical,present,5,44,10,retrieval_error
memtraceb-52e6d9cd-kp0330-a10c5-trajectory-present,52e6d9cd-f63e-4065-cbaf-a20347590e07,330,dynamic,dynamic,trajectory,present,5,44,10,granularity_error
memtraceb-52e6d9cd-kp0330-a10c5-current-contradicted,52e6d9cd-f63e-4065-cbaf-a20347590e07,330,dynamic,conflict_distractor,current,contradicted,5,44,10,item_conflict
memtraceb-52e6d9cd-kp0330-a18c6-current-present,52e6d9cd-f63e-4065-cbaf-a20347590e07,330,dynamic,dynamic,current,present,6,52,18,item_stale
memtraceb-52e6d9cd-kp0330-a18c6-historical-present,52e6d9cd-f63e-4065-cbaf-a20347590e07,330,dynamic,dynamic,historical,present,6,52,18,retrieval_error
memtraceb-52e6d9cd-kp0330-a18c6-trajectory-present,52e6d9cd-f63e-4065-cbaf-a20347590e07,330,dynamic,dynamic,trajectory,present,6,52,18,granularity_error
memtraceb-52e6d9cd-kp0330-a18c6-current-contradicted,52e6d9cd-f63e-4065-cbaf-a20347590e07,330,dynamic,conflict_distractor,current,contradicted,6,52,18,item_conflict
memtraceb-52e6d9cd-kp0330-a26c7-current-present,52e6d9cd-f63e-4065-cbaf-a20347590e07,330,dynamic,dynamic,current,present,7,60,26,item_stale
memtraceb-52e6d9cd-kp0330-a26c7-historical-present,52e6d9cd-f63e-4065-cbaf-a20347590e07,330,dynamic,dynamic,historical,present,7,60,26,retrieval_error
memtraceb-52e6d9cd-kp0330-a26c7-trajectory-present,52e6d9cd-f63e-4065-cbaf-a20347590e07,330,dynamic,dynamic,trajectory,present,7,60,26,granularity_error
memtraceb-52e6d9cd-kp0330-a26c7-current-contradicted,52e6d9cd-f63e-4065-cbaf-a20347590e07,330,dynamic,conflict_distractor,current,contradicted,7,60,26,item_conflict
memtraceb-52e6d9cd-bdbeveragepreference-a6c0-current-missing,52e6d9cd-f63e-4065-cbaf-a20347590e07,,boundary,boundary_distractor,current,missing,0,6,6,safety_error
memtraceb-52e6d9cd-bdbeveragepreference-a14c1-current-missing,52e6d9cd-f63e-4065-cbaf-a20347590e07,,boundary,boundary_distractor,current,missing,1,14,14,safety_error
memtraceb-52e6d9cd-bdbeveragepreference-a21c2-current-missing,52e6d9cd-f63e-4065-cbaf-a20347590e07,,boundary,boundary_distractor,current,missing,2,21,21,safety_error
memtraceb-52e6d9cd-bdbeveragepreference-a29c3-current-missing,52e6d9cd-f63e-4065-cbaf-a20347590e07,,boundary,boundary_distractor,current,missing,3,29,29,safety_error
memtraceb-52e6d9cd-bdbeveragepreference-a37c4-current-missing,52e6d9cd-f63e-4065-cbaf-a20347590e07,,boundary,boundary_distractor,current,missing,4,37,37,safety_error
memtraceb-52e6d9cd-bdbeveragepreference-a44c5-current-missing,52e6d9cd-f63e-4065-cbaf-a20347590e07,,boundary,boundary_distractor,current,missing,5,44,44,safety_error
memtraceb-52e6d9cd-bdbeveragepreference-a52c6-current-missing,52e6d9cd-f63e-4065-cbaf-a20347590e07,,boundary,boundary_distractor,current,missing,6,52,52,safety_error
memtraceb-52e6d9cd-bdbeveragepreference-a60c7-current-missing,52e6d9cd-f63e-4065-cbaf-a20347590e07,,boundary,boundary_distractor,current,missing,7,60,60,safety_error
memtraceb-52e6d9cd-bdgamepreference-a6c0-current-missing,52e6d9cd-f63e-4065-cbaf-a20347590e07,,boundary,boundary_distractor,current,missing,0,6,6,safety_error
memtraceb-52e6d9cd-bdgamepreference-a14c1-current-missing,52e6d9cd-f63e-4065-cbaf-a20347590e07,,boundary,boundary_distractor,current,missing,1,14,14,safety_error
memtraceb-52e6d9cd-bdgamepreference-a21c2-current-missing,52e6d9cd-f63e-4065-cbaf-a20347590e07,,boundary,boundary_distractor,current,missing,2,21,21,safety_error
memtraceb-52e6d9cd-bdgamepreference-a29c3-current-missing,52e6d9cd-f63e-4065-cbaf-a20347590e07,,boundary,boundary_distractor,current,missing,3,29,29,safety_error
memtraceb-52e6d9cd-bdgamepreference-a37c4-current-missing,52e6d9cd-f63e-4065-cbaf-a20347590e07,,boundary,boundary_distractor,current,missing,4,37,37,safety_error
memtraceb-52e6d9cd-bdgamepreference-a44c5-current-missing,52e6d9cd-f63e-4065-cbaf-a20347590e07,,boundary,boundary_distractor,current,missing,5,44,44,safety_error
memtraceb-52e6d9cd-bdgamepreference-a52c6-current-missing,52e6d9cd-f63e-4065-cbaf-a20347590e07,,boundary,boundary_distractor,current,missing,6,52,52,safety_error
memtraceb-52e6d9cd-bdgamepreference-a60c7-current-missing,52e6d9cd-f63e-4065-cbaf-a20347590e07,,boundary,boundary_distractor,current,missing,7,60,60,safety_error
memtraceb-52e6d9cd-bdmoviepreference-a6c0-current-missing,52e6d9cd-f63e-4065-cbaf-a20347590e07,,boundary,boundary_distractor,current,missing,0,6,6,safety_error
memtraceb-52e6d9cd-bdmoviepreference-a14c1-current-missing,52e6d9cd-f63e-4065-cbaf-a20347590e07,,boundary,boundary_distractor,current,missing,1,14,14,safety_error
memtraceb-52e6d9cd-bdmoviepreference-a21c2-current-missing,52e6d9cd-f63e-4065-cbaf-a20347590e07,,boundary,boundary_distractor,current,missing,2,21,21,safety_error
memtraceb-52e6d9cd-bdmoviepreference-a29c3-current-missing,52e6d9cd-f63e-4065-cbaf-a20347590e07,,boundary,boundary_distractor,current,missing,3,29,29,safety_error
memtraceb-52e6d9cd-bdmoviepreference-a37c4-current-missing,52e6d9cd-f63e-4065-cbaf-a20347590e07,,boundary,boundary_distractor,current,missing,4,37,37,safety_error
memtraceb-52e6d9cd-bdmoviepreference-a44c5-current-missing,52e6d9cd-f63e-4065-cbaf-a20347590e07,,boundary,boundary_distractor,current,missing,5,44,44,safety_error
memtraceb-52e6d9cd-bdmoviepreference-a52c6-current-missing,52e6d9cd-f63e-4065-cbaf-a20347590e07,,boundary,boundary_distractor,current,missing,6,52,52,safety_error
memtraceb-52e6d9cd-bdmoviepreference-a60c7-current-missing,52e6d9cd-f63e-4065-cbaf-a20347590e07,,boundary,boundary_distractor,current,missing,7,60,60,safety_error
memtraceb-52e6d9cd-bdreadingpreference-a6c0-current-missing,52e6d9cd-f63e-4065-cbaf-a20347590e07,,boundary,boundary_distractor,current,missing,0,6,6,safety_error
memtraceb-52e6d9cd-bdreadingpreference-a14c1-current-missing,52e6d9cd-f63e-4065-cbaf-a20347590e07,,boundary,boundary_distractor,current,missing,1,14,14,safety_error
memtraceb-52e6d9cd-bdreadingpreference-a21c2-current-missing,52e6d9cd-f63e-4065-cbaf-a20347590e07,,boundary,boundary_distractor,current,missing,2,21,21,safety_error
memtraceb-52e6d9cd-bdreadingpreference-a29c3-current-missing,52e6d9cd-f63e-4065-cbaf-a20347590e07,,boundary,boundary_distractor,current,missing,3,29,29,safety_error
memtraceb-52e6d9cd-bdreadingpreference-a37c4-current-missing,52e6d9cd-f63e-4065-cbaf-a20347590e07,,boundary,boundary_distractor,current,missing,4,37,37,safety_error
memtraceb-52e6d9cd-bdreadingpreference-a44c5-current-missing,52e6d9cd-f63e-4065-cbaf-a20347590e07,,boundary,boundary_distractor,current,missing,5,44,44,safety_error
memtraceb-52e6d9cd-bdreadingpreference-a52c6-current-missing,52e6d9cd-f63e-4065-cbaf-a20347590e07,,boundary,boundary_distractor,current,missing,6,52,52,safety_error
memtraceb-52e6d9cd-bdreadingpreference-a60c7-current-missing,52e6d9cd-f63e-4065-cbaf-a20347590e07,,boundary,boundary_distractor,current,missing,7,60,60,safety_error
memtraceb-348492a7-kp0000-a8c0-current-present,348492a7-cfe4-ee1d-73c3-c276d6ba8277,0,static,static,current,present,0,8,8,
memtraceb-348492a7-kp0000-a18c1-current-present,348492a7-cfe4-ee1d-73c3-c276d6ba8277,0,static,static,current,present,1,18,18,
memtraceb-348492a7-kp0000-a28c2-current-present,348492a7-cfe4-ee1d-73c3-c276d6ba8277,0,static,static,current,present,2,28,28,
memtraceb-348492a7-kp0000-a38c3-current-present,348492a7-cfe4-ee1d-73c3-c276d6ba8277,0,static,static,current,present,3,38,38,
memtraceb-348492a7-kp0000-a48c4-current-present,348492a7-cfe4-ee1d-73c3-c276d6ba8277,0,static,static,current,present,4,48,48,
memtraceb-348492a7-kp0000-a58c5-current-present,348492a7-cfe4-ee1d-73c3-c276d6ba8277,0,static,static,current,present,5,58,58,
memtraceb-348492a7-kp0000-a68c6-current-present,348492a7-cfe4-ee1d-73c3-c276d6ba8277,0,static,static,current,present,6,68,68,
memtraceb-348492a7-kp0000-a78c7-current-present,348492a7-cfe4-ee1d-73c3-c276d6ba8277,0,static,static,current,present,7,78,78,
memtraceb-348492a7-kp0026-a6c0-current-present,348492a7-cfe4-ee1d-73c3-c276d6ba8277,26,preference,preference,current,present,0,8,6,
memtraceb-348492a7-kp0026-a16c1-current-present,348492a7-cfe4-ee1d-73c3-c276d6ba8277,26,preference,preference,current,present,1,18,16,
memtraceb-348492a7-kp0026-a26c2-current-present,348492a7-cfe4-ee1d-73c3-c276d6ba8277,26,preference,preference,current,present,2,28,26,
memtraceb-348492a7-kp0026-a36c3-current-present,348492a7-cfe4-ee1d-73c3-c276d6ba8277,26,preference,preference,current,present,3,38,36,
memtraceb-348492a7-kp0026-a46c4-current-present,348492a7-cfe4-ee1d-73c3-c276d6ba8277,26,preference,preference,current,present,4,48,46,
memtraceb-348492a7-kp0026-a56c5-current-present,348492a7-cfe4-ee1d-73c3-c276d6ba8277,26,preference,preference,current,present,5,58,56,
memtraceb-348492a7-kp0026-a66c6-current-present,348492a7-cfe4-ee1d-73c3-c276d6ba8277,26,preference,preference,current,present,6,68,66,
memtraceb-348492a7-kp0026-a76c7-current-present,348492a7-cfe4-ee1d-73c3-c276d6ba8277,26,preference,preference,current,present,7,78,76,
memtraceb-348492a7-kp0091-a5c0-current-present,348492a7-cfe4-ee1d-73c3-c276d6ba8277,91,dynamic,dynamic,current,present,0,8,5,item_stale
memtraceb-348492a7-kp0091-a5c0-historical-present,348492a7-cfe4-ee1d-73c3-c276d6ba8277,91,dynamic,dynamic,historical,present,0,8,5,retrieval_error
memtraceb-348492a7-kp0091-a5c0-trajectory-present,348492a7-cfe4-ee1d-73c3-c276d6ba8277,91,dynamic,dynamic,trajectory,present,0,8,5,granularity_error
memtraceb-348492a7-kp0091-a5c0-current-contradicted,348492a7-cfe4-ee1d-73c3-c276d6ba8277,91,dynamic,conflict_distractor,current,contradicted,0,8,5,item_conflict
memtraceb-348492a7-kp0091-a15c1-current-present,348492a7-cfe4-ee1d-73c3-c276d6ba8277,91,dynamic,dynamic,current,present,1,18,15,item_stale
memtraceb-348492a7-kp0091-a15c1-historical-present,348492a7-cfe4-ee1d-73c3-c276d6ba8277,91,dynamic,dynamic,historical,present,1,18,15,retrieval_error
memtraceb-348492a7-kp0091-a15c1-trajectory-present,348492a7-cfe4-ee1d-73c3-c276d6ba8277,91,dynamic,dynamic,trajectory,present,1,18,15,granularity_error
memtraceb-348492a7-kp0091-a15c1-current-contradicted,348492a7-cfe4-ee1d-73c3-c276d6ba8277,91,dynamic,conflict_distractor,current,contradicted,1,18,15,item_conflict
memtraceb-348492a7-kp0091-a25c2-current-present,348492a7-cfe4-ee1d-73c3-c276d6ba8277,91,dynamic,dynamic,current,present,2,28,25,item_stale
memtraceb-348492a7-kp0091-a25c2-historical-present,348492a7-cfe4-ee1d-73c3-c276d6ba8277,91,dynamic,dynamic,historical,present,2,28,25,retrieval_error
memtraceb-348492a7-kp0091-a25c2-trajectory-present,348492a7-cfe4-ee1d-73c3-c276d6ba8277,91,dynamic,dynamic,trajectory,present,2,28,25,granularity_error
memtraceb-348492a7-kp0091-a25c2-current-contradicted,348492a7-cfe4-ee1d-73c3-c276d6ba8277,91,dynamic,conflict_distractor,current,contradicted,2,28,25,item_conflict
memtraceb-348492a7-kp0091-a35c3-current-present,348492a7-cfe4-ee1d-73c3-c276d6ba8277,91,dynamic,dynamic,current,present,3,38,35,item_stale
memtraceb-348492a7-kp0091-a35c3-historical-present,348492a7-cfe4-ee1d-73c3-c276d6ba8277,91,dynamic,dynamic,historical,present,3,38,35,retrieval_error
memtraceb-348492a7-kp0091-a35c3-trajectory-present,348492a7-cfe4-ee1d-73c3-c276d6ba8277,91,dynamic,dynamic,trajectory,present,3,38,35,granularity_error
memtraceb-348492a7-kp0091-a35c3-current-contradicted,348492a7-cfe4-ee1d-73c3-c276d6ba8277,91,dynamic,conflict_distractor,current,contradicted,3,38,35,item_conflict
memtraceb-348492a7-kp0091-a45c4-current-present,348492a7-cfe4-ee1d-73c3-c276d6ba8277,91,dynamic,dynamic,current,present,4,48,45,item_stale
memtraceb-348492a7-kp0091-a45c4-historical-present,348492a7-cfe4-ee1d-73c3-c276d6ba8277,91,dynamic,dynamic,historical,present,4,48,45,retrieval_error
memtraceb-348492a7-kp0091-a45c4-trajectory-present,348492a7-cfe4-ee1d-73c3-c276d6ba8277,91,dynamic,dynamic,trajectory,present,4,48,45,granularity_error
memtraceb-348492a7-kp0091-a45c4-current-contradicted,348492a7-cfe4-ee1d-73c3-c276d6ba8277,91,dynamic,conflict_distractor,current,contradicted,4,48,45,item_conflict
memtraceb-348492a7-kp0091-a55c5-current-present,348492a7-cfe4-ee1d-73c3-c276d6ba8277,91,dynamic,dynamic,current,present,5,58,55,item_stale
memtraceb-348492a7-kp0091-a55c5-historical-present,348492a7-cfe4-ee1d-73c3-c276d6ba8277,91,dynamic,dynamic,historical,present,5,58,55,retrieval_error
memtraceb-348492a7-kp0091-a55c5-trajectory-present,348492a7-cfe4-ee1d-73c3-c276d6ba8277,91,dynamic,dynamic,trajectory,present,5,58,55,granularity_error
memtraceb-348492a7-kp0091-a55c5-current-contradicted,348492a7-cfe4-ee1d-73c3-c276d6ba8277,91,dynamic,conflict_distractor,current,contradicted,5,58,55,item_conflict
memtraceb-348492a7-kp0091-a65c6-current-present,348492a7-cfe4-ee1d-73c3-c276d6ba8277,91,dynamic,dynamic,current,present,6,68,65,item_stale
memtraceb-348492a7-kp0091-a65c6-historical-present,348492a7-cfe4-ee1d-73c3-c276d6ba8277,91,dynamic,dynamic,historical,present,6,68,65,retrieval_error
memtraceb-348492a7-kp0091-a65c6-trajectory-present,348492a7-cfe4-ee1d-73c3-c276d6ba8277,91,dynamic,dynamic,trajectory,present,6,68,65,granularity_error
memtraceb-348492a7-kp0091-a65c6-current-contradicted,348492a7-cfe4-ee1d-73c3-c276d6ba8277,91,dynamic,conflict_distractor,current,contradicted,6,68,65,item_conflict
memtraceb-348492a7-kp0091-a75c7-current-present,348492a7-cfe4-ee1d-73c3-c276d6ba8277,91,dynamic,dynamic,current,present,7,78,75,item_stale
memtraceb-348492a7-kp0091-a75c7-historical-present,348492a7-cfe4-ee1d-73c3-c276d6ba8277,91,dynamic,dynamic,historical,present,7,78,75,retrieval_error
memtraceb-348492a7-kp0091-a75c7-trajectory-present,348492a7-cfe4-ee1d-73c3-c276d6ba8277,91,dynamic,dynamic,trajectory,present,7,78,75,granularity_error
memtraceb-348492a7-kp0091-a75c7-current-contradicted,348492a7-cfe4-ee1d-73c3-c276d6ba8277,91,dynamic,conflict_distractor,current,contradicted,7,78,75,item_conflict
memtraceb-348492a7-kp0280-a2c2-current-present,348492a7-cfe4-ee1d-73c3-c276d6ba8277,280,preference,preference,current,present,2,28,2,
memtraceb-348492a7-kp0280-a12c3-current-present,348492a7-cfe4-ee1d-73c3-c276d6ba8277,280,preference,preference,current,present,3,38,12,
memtraceb-348492a7-kp0280-a22c4-current-present,348492a7-cfe4-ee1d-73c3-c276d6ba8277,280,preference,preference,current,present,4,48,22,
memtraceb-348492a7-kp0280-a32c5-current-present,348492a7-cfe4-ee1d-73c3-c276d6ba8277,280,preference,preference,current,present,5,58,32,
memtraceb-348492a7-kp0280-a42c6-current-present,348492a7-cfe4-ee1d-73c3-c276d6ba8277,280,preference,preference,current,present,6,68,42,
memtraceb-348492a7-kp0280-a52c7-current-present,348492a7-cfe4-ee1d-73c3-c276d6ba8277,280,preference,preference,current,present,7,78,52,
memtraceb-348492a7-kp0332-a5c3-current-present,348492a7-cfe4-ee1d-73c3-c276d6ba8277,332,dynamic,dynamic,current,present,3,38,5,item_stale
memtraceb-348492a7-kp0332-a5c3-historical-present,348492a7-cfe4-ee1d-73c3-c276d6ba8277,332,dynamic,dynamic,historical,present,3,38,5,retrieval_error
memtraceb-348492a7-kp0332-a5c3-trajectory-present,348492a7-cfe4-ee1d-73c3-c276d6ba8277,332,dynamic,dynamic,trajectory,present,3,38,5,granularity_error
memtraceb-348492a7-kp0332-a5c3-current-contradicted,348492a7-cfe4-ee1d-73c3-c276d6ba8277,332,dynamic,conflict_distractor,current,contradicted,3,38,5,item_conflict
memtraceb-348492a7-kp0332-a15c4-current-present,348492a7-cfe4-ee1d-73c3-c276d6ba8277,332,dynamic,dynamic,current,present,4,48,15,item_stale
memtraceb-348492a7-kp0332-a15c4-historical-present,348492a7-cfe4-ee1d-73c3-c276d6ba8277,332,dynamic,dynamic,historical,present,4,48,15,retrieval_error
memtraceb-348492a7-kp0332-a15c4-trajectory-present,348492a7-cfe4-ee1d-73c3-c276d6ba8277,332,dynamic,dynamic,trajectory,present,4,48,15,granularity_error
memtraceb-348492a7-kp0332-a15c4-current-contradicted,348492a7-cfe4-ee1d-73c3-c276d6ba8277,332,dynamic,conflict_distractor,current,contradicted,4,48,15,item_conflict
memtraceb-348492a7-kp0332-a25c5-current-present,348492a7-cfe4-ee1d-73c3-c276d6ba8277,332,dynamic,dynamic,current,present,5,58,25,item_stale
memtraceb-348492a7-kp0332-a25c5-historical-present,348492a7-cfe4-ee1d-73c3-c276d6ba8277,332,dynamic,dynamic,historical,present,5,58,25,retrieval_error
memtraceb-348492a7-kp0332-a25c5-trajectory-present,348492a7-cfe4-ee1d-73c3-c276d6ba8277,332,dynamic,dynamic,trajectory,present,5,58,25,granularity_error
memtraceb-348492a7-kp0332-a25c5-current-contradicted,348492a7-cfe4-ee1d-73c3-c276d6ba8277,332,dynamic,conflict_distractor,current,contradicted,5,58,25,item_conflict
memtraceb-348492a7-kp0332-a35c6-current-present,348492a7-cfe4-ee1d-73c3-c276d6ba8277,332,dynamic,dynamic,current,present,6,68,35,item_stale
memtraceb-348492a7-kp0332-a35c6-historical-present,348492a7-cfe4-ee1d-73c3-c276d6ba8277,332,dynamic,dynamic,historical,present,6,68,35,retrieval_error
memtraceb-348492a7-kp0332-a35c6-trajectory-present,348492a7-cfe4-ee1d-73c3-c276d6ba8277,332,dynamic,dynamic,trajectory,present,6,68,35,granularity_error
memtraceb-348492a7-kp0332-a35c6-current-contradicted,348492a7-cfe4-ee1d-73c3-c276d6ba8277,332,dynamic,conflict_distractor,current,contradicted,6,68,35,item_conflict
memtraceb-348492a7-kp0332-a45c7-current-present,348492a7-cfe4-ee1d-73c3-c276d6ba8277,332,dynamic,dynamic,current,present,7,78,45,item_stale
memtraceb-348492a7-kp0332-a45c7-historical-present,348492a7-cfe4-ee1d-73c3-c276d6ba8277,332,dynamic,dynamic,historical,present,7,78,45,retrieval_error
memtraceb-348492a7-kp0332-a45c7-trajectory-present,348492a7-cfe4-ee1d-73c3-c276d6ba8277,332,dynamic,dynamic,trajectory,present,7,78,45,granularity_error
memtraceb-348492a7-kp0332-a45c7-current-contradicted,348492a7-cfe4-ee1d-73c3-c276d6ba8277,332,dynamic,conflict_distractor,current,contradicted,7,78,45,item_conflict
memtraceb-348492a7-kp0393-a8c4-current-present,348492a7-cfe4-ee1d-73c3-c276d6ba8277,393,static,static,current,present,4,48,8,
memtraceb-348492a7-kp0393-a18c5-current-present,348492a7-cfe4-ee1d-73c3-c276d6ba8277,393,static,static,current,present,5,58,18,
memtraceb-348492a7-kp0393-a28c6-current-present,348492a7-cfe4-ee1d-73c3-c276d6ba8277,393,static,static,current,present,6,68,28,
memtraceb-348492a7-kp0393-a38c7-current-present,348492a7-cfe4-ee1d-73c3-c276d6ba8277,393,static,static,current,present,7,78,38,
memtraceb-348492a7-bdmoviepreference-a8c0-current-missing,348492a7-cfe4-ee1d-73c3-c276d6ba8277,,boundary,boundary_distractor,current,missing,0,8,8,safety_error
memtraceb-348492a7-bdmoviepreference-a18c1-current-missing,348492a7-cfe4-ee1d-73c3-c276d6ba8277,,boundary,boundary_distractor,current,missing,1,18,18,safety_error
memtraceb-348492a7-bdmoviepreference-a28c2-current-missing,348492a7-cfe4-ee1d-73c3-c276d6ba8277,,boundary,boundary_distractor,current,missing,2,28,28,safety_error
memtraceb-348492a7-bdmoviepreference-a38c3-current-missing,348492a7-cfe4-ee1d-73c3-c276d6ba8277,,boundary,boundary_distractor,current,missing,3,38,38,safety_error
memtraceb-348492a7-bdmoviepreference-a48c4-current-missing,348492a7-cfe4-ee1d-73c3-c276d6ba8277,,boundary,boundary_distractor,current,missing,4,48,48,safety_error
memtraceb-348492a7-bdmoviepreference-a58c5-current-missing,348492a7-cfe4-ee1d-73c3-c276d6ba8277,,boundary,boundary_distractor,current,missing,5,58,58,safety_error
memtraceb-348492a7-bdmoviepreference-a68c6-current-missing,348492a7-cfe4-ee1d-73c3-c276d6ba8277,,boundary,boundary_distractor,current,missing,6,68,68,safety_error
memtraceb-348492a7-bdmoviepreference-a78c7-current-missing,348492a7-cfe4-ee1d-73c3-c276d6ba8277,,boundary,boundary_distractor,current,missing,7,78,78,safety_error
memtraceb-348492a7-bdreadingpreference-a8c0-current-missing,348492a7-cfe4-ee1d-73c3-c276d6ba8277,,boundary,boundary_distractor,current,missing,0,8,8,safety_error
memtraceb-348492a7-bdreadingpreference-a18c1-current-missing,348492a7-cfe4-ee1d-73c3-c276d6ba8277,,boundary,boundary_distractor,current,missing,1,18,18,safety_error
memtraceb-348492a7-bdreadingpreference-a28c2-current-missing,348492a7-cfe4-ee1d-73c3-c276d6ba8277,,boundary,boundary_distractor,current,missing,2,28,28,safety_error
memtraceb-348492a7-bdreadingpreference-a38c3-current-missing,348492a7-cfe4-ee1d-73c3-c276d6ba8277,,boundary,boundary_distractor,current,missing,3,38,38,safety_error
memtraceb-348492a7-bdreadingpreference-a48c4-current-missing,348492a7-cfe4-ee1d-73c3-c276d6ba8277,,boundary,boundary_distractor,current,missing,4,48,48,safety_error
memtraceb-348492a7-bdreadingpreference-a58c5-current-missing,348492a7-cfe4-ee1d-73c3-c276d6ba8277,,boundary,boundary_distractor,current,missing,5,58,58,safety_error
memtraceb-348492a7-bdreadingpreference-a68c6-current-missing,348492a7-cfe4-ee1d-73c3-c276d6ba8277,,boundary,boundary_distractor,current,missing,6,68,68,safety_error
memtraceb-348492a7-bdreadingpreference-a78c7-current-missing,348492a7-cfe4-ee1d-73c3-c276d6ba8277,,boundary,boundary_distractor,current,missing,7,78,78,safety_error
memtraceb-348492a7-bdsportspreference-a8c0-current-missing,348492a7-cfe4-ee1d-73c3-c276d6ba8277,,boundary,boundary_distractor,current,missing,0,8,8,safety_error
memtraceb-348492a7-bdsportspreference-a18c1-current-missing,348492a7-cfe4-ee1d-73c3-c276d6ba8277,,boundary,boundary_distractor,current,missing,1,18,18,safety_error
memtraceb-348492a7-bdsportspreference-a28c2-current-missing,348492a7-cfe4-ee1d-73c3-c276d6ba8277,,boundary,boundary_distractor,current,missing,2,28,28,safety_error
memtraceb-348492a7-bdsportspreference-a38c3-current-missing,348492a7-cfe4-ee1d-73c3-c276d6ba8277,,boundary,boundary_distractor,current,missing,3,38,38,safety_error
memtraceb-348492a7-bdsportspreference-a48c4-current-missing,348492a7-cfe4-ee1d-73c3-c276d6ba8277,,boundary,boundary_distractor,current,missing,4,48,48,safety_error
memtraceb-348492a7-bdsportspreference-a58c5-current-missing,348492a7-cfe4-ee1d-73c3-c276d6ba8277,,boundary,boundary_distractor,current,missing,5,58,58,safety_error
memtraceb-348492a7-bdsportspreference-a68c6-current-missing,348492a7-cfe4-ee1d-73c3-c276d6ba8277,,boundary,boundary_distractor,current,missing,6,68,68,safety_error
memtraceb-348492a7-bdsportspreference-a78c7-current-missing,348492a7-cfe4-ee1d-73c3-c276d6ba8277,,boundary,boundary_distractor,current,missing,7,78,78,safety_error
memtraceb-42f702e3-kp0000-a7c0-current-present,42f702e3-750c-1acc-9101-051f1f75991e,0,static,static,current,present,0,7,7,
memtraceb-42f702e3-kp0000-a16c1-current-present,42f702e3-750c-1acc-9101-051f1f75991e,0,static,static,current,present,1,16,16,
memtraceb-42f702e3-kp0000-a25c2-current-present,42f702e3-750c-1acc-9101-051f1f75991e,0,static,static,current,present,2,25,25,
memtraceb-42f702e3-kp0000-a34c3-current-present,42f702e3-750c-1acc-9101-051f1f75991e,0,static,static,current,present,3,34,34,
memtraceb-42f702e3-kp0000-a42c4-current-present,42f702e3-750c-1acc-9101-051f1f75991e,0,static,static,current,present,4,42,42,
memtraceb-42f702e3-kp0000-a51c5-current-present,42f702e3-750c-1acc-9101-051f1f75991e,0,static,static,current,present,5,51,51,
memtraceb-42f702e3-kp0000-a60c6-current-present,42f702e3-750c-1acc-9101-051f1f75991e,0,static,static,current,present,6,60,60,
memtraceb-42f702e3-kp0000-a69c7-current-present,42f702e3-750c-1acc-9101-051f1f75991e,0,static,static,current,present,7,69,69,
memtraceb-42f702e3-kp0026-a5c0-current-present,42f702e3-750c-1acc-9101-051f1f75991e,26,preference,preference,current,present,0,7,5,
memtraceb-42f702e3-kp0026-a14c1-current-present,42f702e3-750c-1acc-9101-051f1f75991e,26,preference,preference,current,present,1,16,14,
memtraceb-42f702e3-kp0026-a23c2-current-present,42f702e3-750c-1acc-9101-051f1f75991e,26,preference,preference,current,present,2,25,23,
memtraceb-42f702e3-kp0026-a32c3-current-present,42f702e3-750c-1acc-9101-051f1f75991e,26,preference,preference,current,present,3,34,32,
memtraceb-42f702e3-kp0026-a40c4-current-present,42f702e3-750c-1acc-9101-051f1f75991e,26,preference,preference,current,present,4,42,40,
memtraceb-42f702e3-kp0026-a49c5-current-present,42f702e3-750c-1acc-9101-051f1f75991e,26,preference,preference,current,present,5,51,49,
memtraceb-42f702e3-kp0026-a58c6-current-present,42f702e3-750c-1acc-9101-051f1f75991e,26,preference,preference,current,present,6,60,58,
memtraceb-42f702e3-kp0026-a67c7-current-present,42f702e3-750c-1acc-9101-051f1f75991e,26,preference,preference,current,present,7,69,67,
memtraceb-42f702e3-kp0058-a4c0-current-present,42f702e3-750c-1acc-9101-051f1f75991e,58,dynamic,dynamic,current,present,0,7,4,item_stale
memtraceb-42f702e3-kp0058-a4c0-historical-present,42f702e3-750c-1acc-9101-051f1f75991e,58,dynamic,dynamic,historical,present,0,7,4,retrieval_error
memtraceb-42f702e3-kp0058-a4c0-trajectory-present,42f702e3-750c-1acc-9101-051f1f75991e,58,dynamic,dynamic,trajectory,present,0,7,4,granularity_error
memtraceb-42f702e3-kp0058-a4c0-current-contradicted,42f702e3-750c-1acc-9101-051f1f75991e,58,dynamic,conflict_distractor,current,contradicted,0,7,4,item_conflict
memtraceb-42f702e3-kp0058-a13c1-current-present,42f702e3-750c-1acc-9101-051f1f75991e,58,dynamic,dynamic,current,present,1,16,13,item_stale
memtraceb-42f702e3-kp0058-a13c1-historical-present,42f702e3-750c-1acc-9101-051f1f75991e,58,dynamic,dynamic,historical,present,1,16,13,retrieval_error
memtraceb-42f702e3-kp0058-a13c1-trajectory-present,42f702e3-750c-1acc-9101-051f1f75991e,58,dynamic,dynamic,trajectory,present,1,16,13,granularity_error
memtraceb-42f702e3-kp0058-a13c1-current-contradicted,42f702e3-750c-1acc-9101-051f1f75991e,58,dynamic,conflict_distractor,current,contradicted,1,16,13,item_conflict
memtraceb-42f702e3-kp0058-a22c2-current-present,42f702e3-750c-1acc-9101-051f1f75991e,58,dynamic,dynamic,current,present,2,25,22,item_stale
memtraceb-42f702e3-kp0058-a22c2-historical-present,42f702e3-750c-1acc-9101-051f1f75991e,58,dynamic,dynamic,historical,present,2,25,22,retrieval_error
memtraceb-42f702e3-kp0058-a22c2-trajectory-present,42f702e3-750c-1acc-9101-051f1f75991e,58,dynamic,dynamic,trajectory,present,2,25,22,granularity_error
memtraceb-42f702e3-kp0058-a22c2-current-contradicted,42f702e3-750c-1acc-9101-051f1f75991e,58,dynamic,conflict_distractor,current,contradicted,2,25,22,item_conflict
memtraceb-42f702e3-kp0058-a31c3-current-present,42f702e3-750c-1acc-9101-051f1f75991e,58,dynamic,dynamic,current,present,3,34,31,item_stale
memtraceb-42f702e3-kp0058-a31c3-historical-present,42f702e3-750c-1acc-9101-051f1f75991e,58,dynamic,dynamic,historical,present,3,34,31,retrieval_error
memtraceb-42f702e3-kp0058-a31c3-trajectory-present,42f702e3-750c-1acc-9101-051f1f75991e,58,dynamic,dynamic,trajectory,present,3,34,31,granularity_error
memtraceb-42f702e3-kp0058-a31c3-current-contradicted,42f702e3-750c-1acc-9101-051f1f75991e,58,dynamic,conflict_distractor,current,contradicted,3,34,31,item_conflict
memtraceb-42f702e3-kp0058-a39c4-current-present,42f702e3-750c-1acc-9101-051f1f75991e,58,dynamic,dynamic,current,present,4,42,39,item_stale
memtraceb-42f702e3-kp0058-a39c4-historical-present,42f702e3-750c-1acc-9101-051f1f75991e,58,dynamic,dynamic,historical,present,4,42,39,retrieval_error
memtraceb-42f702e3-kp0058-a39c4-trajectory-present,42f702e3-750c-1acc-9101-051f1f75991e,58,dynamic,dynamic,trajectory,present,4,42,39,granularity_error
memtraceb-42f702e3-kp0058-a39c4-current-contradicted,42f702e3-750c-1acc-9101-051f1f75991e,58,dynamic,conflict_distractor,current,contradicted,4,42,39,item_conflict
memtraceb-42f702e3-kp0058-a48c5-current-present,42f702e3-750c-1acc-9101-051f1f75991e,58,dynamic,dynamic,current,present,5,51,48,item_stale
memtraceb-42f702e3-kp0058-a48c5-historical-present,42f702e3-750c-1acc-9101-051f1f75991e,58,dynamic,dynamic,historical,present,5,51,48,retrieval_error
memtraceb-42f702e3-kp0058-a48c5-trajectory-present,42f702e3-750c-1acc-9101-051f1f75991e,58,dynamic,dynamic,trajectory,present,5,51,48,granularity_error
memtraceb-42f702e3-kp0058-a48c5-current-contradicted,42f702e3-750c-1acc-9101-051f1f75991e,58,dynamic,conflict_distractor,current,contradicted,5,51,48,item_conflict
memtraceb-42f702e3-kp0058-a57c6-current-present,42f702e3-750c-1acc-9101-051f1f75991e,58,dynamic,dynamic,current,present,6,60,57,item_stale
memtraceb-42f702e3-kp0058-a57c6-historical-present,42f702e3-750c-1acc-9101-051f1f75991e,58,dynamic,dynamic,historical,present,6,60,57,retrieval_error
memtraceb-42f702e3-kp0058-a57c6-trajectory-present,42f702e3-750c-1acc-9101-051f1f75991e,58,dynamic,dynamic,trajectory,present,6,60,57,granularity_error
memtraceb-42f702e3-kp0058-a57c6-current-contradicted,42f702e3-750c-1acc-9101-051f1f75991e,58,dynamic,conflict_distractor,current,contradicted,6,60,57,item_conflict
memtraceb-42f702e3-kp0058-a66c7-current-present,42f702e3-750c-1acc-9101-051f1f75991e,58,dynamic,dynamic,current,present,7,69,66,item_stale
memtraceb-42f702e3-kp0058-a66c7-historical-present,42f702e3-750c-1acc-9101-051f1f75991e,58,dynamic,dynamic,historical,present,7,69,66,retrieval_error
memtraceb-42f702e3-kp0058-a66c7-trajectory-present,42f702e3-750c-1acc-9101-051f1f75991e,58,dynamic,dynamic,trajectory,present,7,69,66,granularity_error
memtraceb-42f702e3-kp0058-a66c7-current-contradicted,42f702e3-750c-1acc-9101-051f1f75991e,58,dynamic,conflict_distractor,current,contradicted,7,69,66,item_conflict
memtraceb-42f702e3-kp0227-a1c2-current-present,42f702e3-750c-1acc-9101-051f1f75991e,227,dynamic,dynamic,current,present,2,25,1,item_stale
memtraceb-42f702e3-kp0227-a1c2-historical-present,42f702e3-750c-1acc-9101-051f1f75991e,227,dynamic,dynamic,historical,present,2,25,1,retrieval_error
memtraceb-42f702e3-kp0227-a1c2-trajectory-present,42f702e3-750c-1acc-9101-051f1f75991e,227,dynamic,dynamic,trajectory,present,2,25,1,granularity_error
memtraceb-42f702e3-kp0227-a1c2-current-contradicted,42f702e3-750c-1acc-9101-051f1f75991e,227,dynamic,conflict_distractor,current,contradicted,2,25,1,item_conflict
memtraceb-42f702e3-kp0227-a10c3-current-present,42f702e3-750c-1acc-9101-051f1f75991e,227,dynamic,dynamic,current,present,3,34,10,item_stale
memtraceb-42f702e3-kp0227-a10c3-historical-present,42f702e3-750c-1acc-9101-051f1f75991e,227,dynamic,dynamic,historical,present,3,34,10,retrieval_error
memtraceb-42f702e3-kp0227-a10c3-trajectory-present,42f702e3-750c-1acc-9101-051f1f75991e,227,dynamic,dynamic,trajectory,present,3,34,10,granularity_error
memtraceb-42f702e3-kp0227-a10c3-current-contradicted,42f702e3-750c-1acc-9101-051f1f75991e,227,dynamic,conflict_distractor,current,contradicted,3,34,10,item_conflict
memtraceb-42f702e3-kp0227-a18c4-current-present,42f702e3-750c-1acc-9101-051f1f75991e,227,dynamic,dynamic,current,present,4,42,18,item_stale
memtraceb-42f702e3-kp0227-a18c4-historical-present,42f702e3-750c-1acc-9101-051f1f75991e,227,dynamic,dynamic,historical,present,4,42,18,retrieval_error
memtraceb-42f702e3-kp0227-a18c4-trajectory-present,42f702e3-750c-1acc-9101-051f1f75991e,227,dynamic,dynamic,trajectory,present,4,42,18,granularity_error
memtraceb-42f702e3-kp0227-a18c4-current-contradicted,42f702e3-750c-1acc-9101-051f1f75991e,227,dynamic,conflict_distractor,current,contradicted,4,42,18,item_conflict
memtraceb-42f702e3-kp0227-a27c5-current-present,42f702e3-750c-1acc-9101-051f1f75991e,227,dynamic,dynamic,current,present,5,51,27,item_stale
memtraceb-42f702e3-kp0227-a27c5-historical-present,42f702e3-750c-1acc-9101-051f1f75991e,227,dynamic,dynamic,historical,present,5,51,27,retrieval_error
memtraceb-42f702e3-kp0227-a27c5-trajectory-present,42f702e3-750c-1acc-9101-051f1f75991e,227,dynamic,dynamic,trajectory,present,5,51,27,granularity_error
memtraceb-42f702e3-kp0227-a27c5-current-contradicted,42f702e3-750c-1acc-9101-051f1f75991e,227,dynamic,conflict_distractor,current,contradicted,5,51,27,item_conflict
memtraceb-42f702e3-kp0227-a36c6-current-present,42f702e3-750c-1acc-9101-051f1f75991e,227,dynamic,dynamic,current,present,6,60,36,item_stale
memtraceb-42f702e3-kp0227-a36c6-historical-present,42f702e3-750c-1acc-9101-051f1f75991e,227,dynamic,dynamic,historical,present,6,60,36,retrieval_error
memtraceb-42f702e3-kp0227-a36c6-trajectory-present,42f702e3-750c-1acc-9101-051f1f75991e,227,dynamic,dynamic,trajectory,present,6,60,36,granularity_error
memtraceb-42f702e3-kp0227-a36c6-current-contradicted,42f702e3-750c-1acc-9101-051f1f75991e,227,dynamic,conflict_distractor,current,contradicted,6,60,36,item_conflict
memtraceb-42f702e3-kp0227-a45c7-current-present,42f702e3-750c-1acc-9101-051f1f75991e,227,dynamic,dynamic,current,present,7,69,45,item_stale
memtraceb-42f702e3-kp0227-a45c7-historical-present,42f702e3-750c-1acc-9101-051f1f75991e,227,dynamic,dynamic,historical,present,7,69,45,retrieval_error
memtraceb-42f702e3-kp0227-a45c7-trajectory-present,42f702e3-750c-1acc-9101-051f1f75991e,227,dynamic,dynamic,trajectory,present,7,69,45,granularity_error
memtraceb-42f702e3-kp0227-a45c7-current-contradicted,42f702e3-750c-1acc-9101-051f1f75991e,227,dynamic,conflict_distractor,current,contradicted,7,69,45,item_conflict
memtraceb-42f702e3-kp0266-a6c3-current-present,42f702e3-750c-1acc-9101-051f1f75991e,266,preference,preference,current,present,3,34,6,
memtraceb-42f702e3-kp0266-a14c4-current-present,42f702e3-750c-1acc-9101-051f1f75991e,266,preference,preference,current,present,4,42,14,
memtraceb-42f702e3-kp0266-a23c5-current-present,42f702e3-750c-1acc-9101-051f1f75991e,266,preference,preference,current,present,5,51,23,
memtraceb-42f702e3-kp0266-a32c6-current-present,42f702e3-750c-1acc-9101-051f1f75991e,266,preference,preference,current,present,6,60,32,
memtraceb-42f702e3-kp0266-a41c7-current-present,42f702e3-750c-1acc-9101-051f1f75991e,266,preference,preference,current,present,7,69,41,
memtraceb-42f702e3-kp0337-a6c4-current-present,42f702e3-750c-1acc-9101-051f1f75991e,337,static,static,current,present,4,42,6,
memtraceb-42f702e3-kp0337-a15c5-current-present,42f702e3-750c-1acc-9101-051f1f75991e,337,static,static,current,present,5,51,15,
memtraceb-42f702e3-kp0337-a24c6-current-present,42f702e3-750c-1acc-9101-051f1f75991e,337,static,static,current,present,6,60,24,
memtraceb-42f702e3-kp0337-a33c7-current-present,42f702e3-750c-1acc-9101-051f1f75991e,337,static,static,current,present,7,69,33,
memtraceb-42f702e3-bdclothingpreference-a7c0-current-missing,42f702e3-750c-1acc-9101-051f1f75991e,,boundary,boundary_distractor,current,missing,0,7,7,safety_error
memtraceb-42f702e3-bdclothingpreference-a16c1-current-missing,42f702e3-750c-1acc-9101-051f1f75991e,,boundary,boundary_distractor,current,missing,1,16,16,safety_error
memtraceb-42f702e3-bdclothingpreference-a25c2-current-missing,42f702e3-750c-1acc-9101-051f1f75991e,,boundary,boundary_distractor,current,missing,2,25,25,safety_error
memtraceb-42f702e3-bdclothingpreference-a34c3-current-missing,42f702e3-750c-1acc-9101-051f1f75991e,,boundary,boundary_distractor,current,missing,3,34,34,safety_error
memtraceb-42f702e3-bdclothingpreference-a42c4-current-missing,42f702e3-750c-1acc-9101-051f1f75991e,,boundary,boundary_distractor,current,missing,4,42,42,safety_error
memtraceb-42f702e3-bdclothingpreference-a51c5-current-missing,42f702e3-750c-1acc-9101-051f1f75991e,,boundary,boundary_distractor,current,missing,5,51,51,safety_error
memtraceb-42f702e3-bdclothingpreference-a60c6-current-missing,42f702e3-750c-1acc-9101-051f1f75991e,,boundary,boundary_distractor,current,missing,6,60,60,safety_error
memtraceb-42f702e3-bdclothingpreference-a69c7-current-missing,42f702e3-750c-1acc-9101-051f1f75991e,,boundary,boundary_distractor,current,missing,7,69,69,safety_error
memtraceb-42f702e3-bdgamepreference-a7c0-current-missing,42f702e3-750c-1acc-9101-051f1f75991e,,boundary,boundary_distractor,current,missing,0,7,7,safety_error
memtraceb-42f702e3-bdgamepreference-a16c1-current-missing,42f702e3-750c-1acc-9101-051f1f75991e,,boundary,boundary_distractor,current,missing,1,16,16,safety_error
memtraceb-42f702e3-bdgamepreference-a25c2-current-missing,42f702e3-750c-1acc-9101-051f1f75991e,,boundary,boundary_distractor,current,missing,2,25,25,safety_error
memtraceb-42f702e3-bdgamepreference-a34c3-current-missing,42f702e3-750c-1acc-9101-051f1f75991e,,boundary,boundary_distractor,current,missing,3,34,34,safety_error
memtraceb-42f702e3-bdgamepreference-a42c4-current-missing,42f702e3-750c-1acc-9101-051f1f75991e,,boundary,boundary_distractor,current,missing,4,42,42,safety_error
memtraceb-42f702e3-bdgamepreference-a51c5-current-missing,42f702e3-750c-1acc-9101-051f1f75991e,,boundary,boundary_distractor,current,missing,5,51,51,safety_error
memtraceb-42f702e3-bdgamepreference-a60c6-current-missing,42f702e3-750c-1acc-9101-051f1f75991e,,boundary,boundary_distractor,current,missing,6,60,60,safety_error
memtraceb-42f702e3-bdgamepreference-a69c7-current-missing,42f702e3-750c-1acc-9101-051f1f75991e,,boundary,boundary_distractor,current,missing,7,69,69,safety_error
memtraceb-42f702e3-bdmoviepreference-a7c0-current-missing,42f702e3-750c-1acc-9101-051f1f75991e,,boundary,boundary_distractor,current,missing,0,7,7,safety_error
memtraceb-42f702e3-bdmoviepreference-a16c1-current-missing,42f702e3-750c-1acc-9101-051f1f75991e,,boundary,boundary_distractor,current,missing,1,16,16,safety_error
memtraceb-42f702e3-bdmoviepreference-a25c2-current-missing,42f702e3-750c-1acc-9101-051f1f75991e,,boundary,boundary_distractor,current,missing,2,25,25,safety_error
memtraceb-42f702e3-bdmoviepreference-a34c3-current-missing,42f702e3-750c-1acc-9101-051f1f75991e,,boundary,boundary_distractor,current,missing,3,34,34,safety_error
memtraceb-42f702e3-bdmoviepreference-a42c4-current-missing,42f702e3-750c-1acc-9101-051f1f75991e,,boundary,boundary_distractor,current,missing,4,42,42,safety_error
memtraceb-42f702e3-bdmoviepreference-a51c5-current-missing,42f702e3-750c-1acc-9101-051f1f75991e,,boundary,boundary_distractor,current,missing,5,51,51,safety_error
memtraceb-42f702e3-bdmoviepreference-a60c6-current-missing,42f702e3-750c-1acc-9101-051f1f75991e,,boundary,boundary_distractor,current,missing,6,60,60,safety_error
memtraceb-42f702e3-bdmoviepreference-a69c7-current-missing,42f702e3-750c-1acc-9101-051f1f75991e,,boundary,boundary_distractor,current,missing,7,69,69,safety_error
memtraceb-42f702e3-bdtravelpreference-a7c0-current-missing,42f702e3-750c-1acc-9101-051f1f75991e,,boundary,boundary_distractor,current,missing,0,7,7,safety_error
memtraceb-42f702e3-bdtravelpreference-a16c1-current-missing,42f702e3-750c-1acc-9101-051f1f75991e,,boundary,boundary_distractor,current,missing,1,16,16,safety_error
memtraceb-42f702e3-bdtravelpreference-a25c2-current-missing,42f702e3-750c-1acc-9101-051f1f75991e,,boundary,boundary_distractor,current,missing,2,25,25,safety_error
memtraceb-42f702e3-bdtravelpreference-a34c3-current-missing,42f702e3-750c-1acc-9101-051f1f75991e,,boundary,boundary_distractor,current,missing,3,34,34,safety_error
memtraceb-42f702e3-bdtravelpreference-a42c4-current-missing,42f702e3-750c-1acc-9101-051f1f75991e,,boundary,boundary_distractor,current,missing,4,42,42,safety_error
memtraceb-42f702e3-bdtravelpreference-a51c5-current-missing,42f702e3-750c-1acc-9101-051f1f75991e,,boundary,boundary_distractor,current,missing,5,51,51,safety_error
memtraceb-42f702e3-bdtravelpreference-a60c6-current-missing,42f702e3-750c-1acc-9101-051f1f75991e,,boundary,boundary_distractor,current,missing,6,60,60,safety_error
memtraceb-42f702e3-bdtravelpreference-a69c7-current-missing,42f702e3-750c-1acc-9101-051f1f75991e,,boundary,boundary_distractor,current,missing,7,69,69,safety_error
memtraceb-6b005479-kp0000-a9c0-current-present,6b005479-e3b6-02fc-e52d-3a41eb0cf288,0,static,static,current,present,0,9,9,
memtraceb-6b005479-kp0000-a19c1-current-present,6b005479-e3b6-02fc-e52d-3a41eb0cf288,0,static,static,current,present,1,19,19,
memtraceb-6b005479-kp0000-a29c2-current-present,6b005479-e3b6-02fc-e52d-3a41eb0cf288,0,static,static,current,present,2,29,29,
memtraceb-6b005479-kp0000-a40c3-current-present,6b005479-e3b6-02fc-e52d-3a41eb0cf288,0,static,static,current,present,3,40,40,
memtraceb-6b005479-kp0000-a50c4-current-present,6b005479-e3b6-02fc-e52d-3a41eb0cf288,0,static,static,current,present,4,50,50,
memtraceb-6b005479-kp0000-a60c5-current-present,6b005479-e3b6-02fc-e52d-3a41eb0cf288,0,static,static,current,present,5,60,60,
memtraceb-6b005479-kp0000-a70c6-current-present,6b005479-e3b6-02fc-e52d-3a41eb0cf288,0,static,static,current,present,6,70,70,
memtraceb-6b005479-kp0000-a81c7-current-present,6b005479-e3b6-02fc-e52d-3a41eb0cf288,0,static,static,current,present,7,81,81,
memtraceb-6b005479-kp0026-a7c0-current-present,6b005479-e3b6-02fc-e52d-3a41eb0cf288,26,preference,preference,current,present,0,9,7,
memtraceb-6b005479-kp0026-a17c1-current-present,6b005479-e3b6-02fc-e52d-3a41eb0cf288,26,preference,preference,current,present,1,19,17,
memtraceb-6b005479-kp0026-a27c2-current-present,6b005479-e3b6-02fc-e52d-3a41eb0cf288,26,preference,preference,current,present,2,29,27,
memtraceb-6b005479-kp0026-a38c3-current-present,6b005479-e3b6-02fc-e52d-3a41eb0cf288,26,preference,preference,current,present,3,40,38,
memtraceb-6b005479-kp0026-a48c4-current-present,6b005479-e3b6-02fc-e52d-3a41eb0cf288,26,preference,preference,current,present,4,50,48,
memtraceb-6b005479-kp0026-a58c5-current-present,6b005479-e3b6-02fc-e52d-3a41eb0cf288,26,preference,preference,current,present,5,60,58,
memtraceb-6b005479-kp0026-a68c6-current-present,6b005479-e3b6-02fc-e52d-3a41eb0cf288,26,preference,preference,current,present,6,70,68,
memtraceb-6b005479-kp0026-a79c7-current-present,6b005479-e3b6-02fc-e52d-3a41eb0cf288,26,preference,preference,current,present,7,81,79,
memtraceb-6b005479-kp0096-a6c0-current-present,6b005479-e3b6-02fc-e52d-3a41eb0cf288,96,dynamic,dynamic,current,present,0,9,6,item_stale
memtraceb-6b005479-kp0096-a6c0-historical-present,6b005479-e3b6-02fc-e52d-3a41eb0cf288,96,dynamic,dynamic,historical,present,0,9,6,retrieval_error
memtraceb-6b005479-kp0096-a6c0-trajectory-present,6b005479-e3b6-02fc-e52d-3a41eb0cf288,96,dynamic,dynamic,trajectory,present,0,9,6,granularity_error
memtraceb-6b005479-kp0096-a6c0-current-contradicted,6b005479-e3b6-02fc-e52d-3a41eb0cf288,96,dynamic,conflict_distractor,current,contradicted,0,9,6,item_conflict
memtraceb-6b005479-kp0096-a16c1-current-present,6b005479-e3b6-02fc-e52d-3a41eb0cf288,96,dynamic,dynamic,current,present,1,19,16,item_stale
memtraceb-6b005479-kp0096-a16c1-historical-present,6b005479-e3b6-02fc-e52d-3a41eb0cf288,96,dynamic,dynamic,historical,present,1,19,16,retrieval_error
memtraceb-6b005479-kp0096-a16c1-trajectory-present,6b005479-e3b6-02fc-e52d-3a41eb0cf288,96,dynamic,dynamic,trajectory,present,1,19,16,granularity_error
memtraceb-6b005479-kp0096-a16c1-current-contradicted,6b005479-e3b6-02fc-e52d-3a41eb0cf288,96,dynamic,conflict_distractor,current,contradicted,1,19,16,item_conflict
memtraceb-6b005479-kp0096-a26c2-current-present,6b005479-e3b6-02fc-e52d-3a41eb0cf288,96,dynamic,dynamic,current,present,2,29,26,item_stale
memtraceb-6b005479-kp0096-a26c2-historical-present,6b005479-e3b6-02fc-e52d-3a41eb0cf288,96,dynamic,dynamic,historical,present,2,29,26,retrieval_error
memtraceb-6b005479-kp0096-a26c2-trajectory-present,6b005479-e3b6-02fc-e52d-3a41eb0cf288,96,dynamic,dynamic,trajectory,present,2,29,26,granularity_error
memtraceb-6b005479-kp0096-a26c2-current-contradicted,6b005479-e3b6-02fc-e52d-3a41eb0cf288,96,dynamic,conflict_distractor,current,contradicted,2,29,26,item_conflict
memtraceb-6b005479-kp0096-a37c3-current-present,6b005479-e3b6-02fc-e52d-3a41eb0cf288,96,dynamic,dynamic,current,present,3,40,37,item_stale
memtraceb-6b005479-kp0096-a37c3-historical-present,6b005479-e3b6-02fc-e52d-3a41eb0cf288,96,dynamic,dynamic,historical,present,3,40,37,retrieval_error
memtraceb-6b005479-kp0096-a37c3-trajectory-present,6b005479-e3b6-02fc-e52d-3a41eb0cf288,96,dynamic,dynamic,trajectory,present,3,40,37,granularity_error
memtraceb-6b005479-kp0096-a37c3-current-contradicted,6b005479-e3b6-02fc-e52d-3a41eb0cf288,96,dynamic,conflict_distractor,current,contradicted,3,40,37,item_conflict
memtraceb-6b005479-kp0096-a47c4-current-present,6b005479-e3b6-02fc-e52d-3a41eb0cf288,96,dynamic,dynamic,current,present,4,50,47,item_stale
memtraceb-6b005479-kp0096-a47c4-historical-present,6b005479-e3b6-02fc-e52d-3a41eb0cf288,96,dynamic,dynamic,historical,present,4,50,47,retrieval_error
memtraceb-6b005479-kp0096-a47c4-trajectory-present,6b005479-e3b6-02fc-e52d-3a41eb0cf288,96,dynamic,dynamic,trajectory,present,4,50,47,granularity_error
memtraceb-6b005479-kp0096-a47c4-current-contradicted,6b005479-e3b6-02fc-e52d-3a41eb0cf288,96,dynamic,conflict_distractor,current,contradicted,4,50,47,item_conflict
memtraceb-6b005479-kp0096-a57c5-current-present,6b005479-e3b6-02fc-e52d-3a41eb0cf288,96,dynamic,dynamic,current,present,5,60,57,item_stale
memtraceb-6b005479-kp0096-a57c5-historical-present,6b005479-e3b6-02fc-e52d-3a41eb0cf288,96,dynamic,dynamic,historical,present,5,60,57,retrieval_error
memtraceb-6b005479-kp0096-a57c5-trajectory-present,6b005479-e3b6-02fc-e52d-3a41eb0cf288,96,dynamic,dynamic,trajectory,present,5,60,57,granularity_error
memtraceb-6b005479-kp0096-a57c5-current-contradicted,6b005479-e3b6-02fc-e52d-3a41eb0cf288,96,dynamic,conflict_distractor,current,contradicted,5,60,57,item_conflict
memtraceb-6b005479-kp0096-a67c6-current-present,6b005479-e3b6-02fc-e52d-3a41eb0cf288,96,dynamic,dynamic,current,present,6,70,67,item_stale
memtraceb-6b005479-kp0096-a67c6-historical-present,6b005479-e3b6-02fc-e52d-3a41eb0cf288,96,dynamic,dynamic,historical,present,6,70,67,retrieval_error
memtraceb-6b005479-kp0096-a67c6-trajectory-present,6b005479-e3b6-02fc-e52d-3a41eb0cf288,96,dynamic,dynamic,trajectory,present,6,70,67,granularity_error
memtraceb-6b005479-kp0096-a67c6-current-contradicted,6b005479-e3b6-02fc-e52d-3a41eb0cf288,96,dynamic,conflict_distractor,current,contradicted,6,70,67,item_conflict
memtraceb-6b005479-kp0096-a78c7-current-present,6b005479-e3b6-02fc-e52d-3a41eb0cf288,96,dynamic,dynamic,current,present,7,81,78,item_stale
memtraceb-6b005479-kp0096-a78c7-historical-present,6b005479-e3b6-02fc-e52d-3a41eb0cf288,96,dynamic,dynamic,historical,present,7,81,78,retrieval_error
memtraceb-6b005479-kp0096-a78c7-trajectory-present,6b005479-e3b6-02fc-e52d-3a41eb0cf288,96,dynamic,dynamic,trajectory,present,7,81,78,granularity_error
memtraceb-6b005479-kp0096-a78c7-current-contradicted,6b005479-e3b6-02fc-e52d-3a41eb0cf288,96,dynamic,conflict_distractor,current,contradicted,7,81,78,item_conflict
memtraceb-6b005479-kp0245-a8c2-current-present,6b005479-e3b6-02fc-e52d-3a41eb0cf288,245,preference,preference,current,present,2,29,8,
memtraceb-6b005479-kp0245-a19c3-current-present,6b005479-e3b6-02fc-e52d-3a41eb0cf288,245,preference,preference,current,present,3,40,19,
memtraceb-6b005479-kp0245-a29c4-current-present,6b005479-e3b6-02fc-e52d-3a41eb0cf288,245,preference,preference,current,present,4,50,29,
memtraceb-6b005479-kp0245-a39c5-current-present,6b005479-e3b6-02fc-e52d-3a41eb0cf288,245,preference,preference,current,present,5,60,39,
memtraceb-6b005479-kp0245-a49c6-current-present,6b005479-e3b6-02fc-e52d-3a41eb0cf288,245,preference,preference,current,present,6,70,49,
memtraceb-6b005479-kp0245-a60c7-current-present,6b005479-e3b6-02fc-e52d-3a41eb0cf288,245,preference,preference,current,present,7,81,60,
memtraceb-6b005479-kp0374-a2c3-current-present,6b005479-e3b6-02fc-e52d-3a41eb0cf288,374,dynamic,dynamic,current,present,3,40,2,item_stale
memtraceb-6b005479-kp0374-a2c3-historical-present,6b005479-e3b6-02fc-e52d-3a41eb0cf288,374,dynamic,dynamic,historical,present,3,40,2,retrieval_error
memtraceb-6b005479-kp0374-a2c3-trajectory-present,6b005479-e3b6-02fc-e52d-3a41eb0cf288,374,dynamic,dynamic,trajectory,present,3,40,2,granularity_error
memtraceb-6b005479-kp0374-a2c3-current-contradicted,6b005479-e3b6-02fc-e52d-3a41eb0cf288,374,dynamic,conflict_distractor,current,contradicted,3,40,2,item_conflict
memtraceb-6b005479-kp0374-a12c4-current-present,6b005479-e3b6-02fc-e52d-3a41eb0cf288,374,dynamic,dynamic,current,present,4,50,12,item_stale
memtraceb-6b005479-kp0374-a12c4-historical-present,6b005479-e3b6-02fc-e52d-3a41eb0cf288,374,dynamic,dynamic,historical,present,4,50,12,retrieval_error
memtraceb-6b005479-kp0374-a12c4-trajectory-present,6b005479-e3b6-02fc-e52d-3a41eb0cf288,374,dynamic,dynamic,trajectory,present,4,50,12,granularity_error
memtraceb-6b005479-kp0374-a12c4-current-contradicted,6b005479-e3b6-02fc-e52d-3a41eb0cf288,374,dynamic,conflict_distractor,current,contradicted,4,50,12,item_conflict
memtraceb-6b005479-kp0374-a22c5-current-present,6b005479-e3b6-02fc-e52d-3a41eb0cf288,374,dynamic,dynamic,current,present,5,60,22,item_stale
memtraceb-6b005479-kp0374-a22c5-historical-present,6b005479-e3b6-02fc-e52d-3a41eb0cf288,374,dynamic,dynamic,historical,present,5,60,22,retrieval_error
memtraceb-6b005479-kp0374-a22c5-trajectory-present,6b005479-e3b6-02fc-e52d-3a41eb0cf288,374,dynamic,dynamic,trajectory,present,5,60,22,granularity_error
memtraceb-6b005479-kp0374-a22c5-current-contradicted,6b005479-e3b6-02fc-e52d-3a41eb0cf288,374,dynamic,conflict_distractor,current,contradicted,5,60,22,item_conflict
memtraceb-6b005479-kp0374-a32c6-current-present,6b005479-e3b6-02fc-e52d-3a41eb0cf288,374,dynamic,dynamic,current,present,6,70,32,item_stale
memtraceb-6b005479-kp0374-a32c6-historical-present,6b005479-e3b6-02fc-e52d-3a41eb0cf288,374,dynamic,dynamic,historical,present,6,70,32,retrieval_error
memtraceb-6b005479-kp0374-a32c6-trajectory-present,6b005479-e3b6-02fc-e52d-3a41eb0cf288,374,dynamic,dynamic,trajectory,present,6,70,32,granularity_error
memtraceb-6b005479-kp0374-a32c6-current-contradicted,6b005479-e3b6-02fc-e52d-3a41eb0cf288,374,dynamic,conflict_distractor,current,contradicted,6,70,32,item_conflict
memtraceb-6b005479-kp0374-a43c7-current-present,6b005479-e3b6-02fc-e52d-3a41eb0cf288,374,dynamic,dynamic,current,present,7,81,43,item_stale
memtraceb-6b005479-kp0374-a43c7-historical-present,6b005479-e3b6-02fc-e52d-3a41eb0cf288,374,dynamic,dynamic,historical,present,7,81,43,retrieval_error
memtraceb-6b005479-kp0374-a43c7-trajectory-present,6b005479-e3b6-02fc-e52d-3a41eb0cf288,374,dynamic,dynamic,trajectory,present,7,81,43,granularity_error
memtraceb-6b005479-kp0374-a43c7-current-contradicted,6b005479-e3b6-02fc-e52d-3a41eb0cf288,374,dynamic,conflict_distractor,current,contradicted,7,81,43,item_conflict
memtraceb-6b005479-kp0416-a7c4-current-present,6b005479-e3b6-02fc-e52d-3a41eb0cf288,416,static,static,current,present,4,50,7,
memtraceb-6b005479-kp0416-a17c5-current-present,6b005479-e3b6-02fc-e52d-3a41eb0cf288,416,static,static,current,present,5,60,17,
memtraceb-6b005479-kp0416-a27c6-current-present,6b005479-e3b6-02fc-e52d-3a41eb0cf288,416,static,static,current,present,6,70,27,
memtraceb-6b005479-kp0416-a38c7-current-present,6b005479-e3b6-02fc-e52d-3a41eb0cf288,416,static,static,current,present,7,81,38,
memtraceb-6b005479-bdpetpreference-a9c0-current-missing,6b005479-e3b6-02fc-e52d-3a41eb0cf288,,boundary,boundary_distractor,current,missing,0,9,9,safety_error
memtraceb-6b005479-bdpetpreference-a19c1-current-missing,6b005479-e3b6-02fc-e52d-3a41eb0cf288,,boundary,boundary_distractor,current,missing,1,19,19,safety_error
memtraceb-6b005479-bdpetpreference-a29c2-current-missing,6b005479-e3b6-02fc-e52d-3a41eb0cf288,,boundary,boundary_distractor,current,missing,2,29,29,safety_error
memtraceb-6b005479-bdpetpreference-a40c3-current-missing,6b005479-e3b6-02fc-e52d-3a41eb0cf288,,boundary,boundary_distractor,current,missing,3,40,40,safety_error
memtraceb-6b005479-bdpetpreference-a50c4-current-missing,6b005479-e3b6-02fc-e52d-3a41eb0cf288,,boundary,boundary_distractor,current,missing,4,50,50,safety_error
memtraceb-6b005479-bdpetpreference-a60c5-current-missing,6b005479-e3b6-02fc-e52d-3a41eb0cf288,,boundary,boundary_distractor,current,missing,5,60,60,safety_error
memtraceb-6b005479-bdpetpreference-a70c6-current-missing,6b005479-e3b6-02fc-e52d-3a41eb0cf288,,boundary,boundary_distractor,current,missing,6,70,70,safety_error
memtraceb-6b005479-bdpetpreference-a81c7-current-missing,6b005479-e3b6-02fc-e52d-3a41eb0cf288,,boundary,boundary_distractor,current,missing,7,81,81,safety_error
memtraceb-6b005479-bdreadingpreference-a9c0-current-missing,6b005479-e3b6-02fc-e52d-3a41eb0cf288,,boundary,boundary_distractor,current,missing,0,9,9,safety_error
memtraceb-6b005479-bdreadingpreference-a19c1-current-missing,6b005479-e3b6-02fc-e52d-3a41eb0cf288,,boundary,boundary_distractor,current,missing,1,19,19,safety_error
memtraceb-6b005479-bdreadingpreference-a29c2-current-missing,6b005479-e3b6-02fc-e52d-3a41eb0cf288,,boundary,boundary_distractor,current,missing,2,29,29,safety_error
memtraceb-6b005479-bdreadingpreference-a40c3-current-missing,6b005479-e3b6-02fc-e52d-3a41eb0cf288,,boundary,boundary_distractor,current,missing,3,40,40,safety_error
memtraceb-6b005479-bdreadingpreference-a50c4-current-missing,6b005479-e3b6-02fc-e52d-3a41eb0cf288,,boundary,boundary_distractor,current,missing,4,50,50,safety_error
memtraceb-6b005479-bdreadingpreference-a60c5-current-missing,6b005479-e3b6-02fc-e52d-3a41eb0cf288,,boundary,boundary_distractor,current,missing,5,60,60,safety_error
memtraceb-6b005479-bdreadingpreference-a70c6-current-missing,6b005479-e3b6-02fc-e52d-3a41eb0cf288,,boundary,boundary_distractor,current,missing,6,70,70,safety_error
memtraceb-6b005479-bdreadingpreference-a81c7-current-missing,6b005479-e3b6-02fc-e52d-3a41eb0cf288,,boundary,boundary_distractor,current,missing,7,81,81,safety_error
memtraceb-9ca7c5ff-kp0000-a7c0-current-present,9ca7c5ff-487c-ba5d-04f6-05f27d35ba2a,0,static,static,current,present,0,7,7,
memtraceb-9ca7c5ff-kp0000-a16c1-current-present,9ca7c5ff-487c-ba5d-04f6-05f27d35ba2a,0,static,static,current,present,1,16,16,
memtraceb-9ca7c5ff-kp0000-a24c2-current-present,9ca7c5ff-487c-ba5d-04f6-05f27d35ba2a,0,static,static,current,present,2,24,24,
memtraceb-9ca7c5ff-kp0000-a33c3-current-present,9ca7c5ff-487c-ba5d-04f6-05f27d35ba2a,0,static,static,current,present,3,33,33,
memtraceb-9ca7c5ff-kp0000-a41c4-current-present,9ca7c5ff-487c-ba5d-04f6-05f27d35ba2a,0,static,static,current,present,4,41,41,
memtraceb-9ca7c5ff-kp0000-a50c5-current-present,9ca7c5ff-487c-ba5d-04f6-05f27d35ba2a,0,static,static,current,present,5,50,50,
memtraceb-9ca7c5ff-kp0000-a58c6-current-present,9ca7c5ff-487c-ba5d-04f6-05f27d35ba2a,0,static,static,current,present,6,58,58,
memtraceb-9ca7c5ff-kp0000-a67c7-current-present,9ca7c5ff-487c-ba5d-04f6-05f27d35ba2a,0,static,static,current,present,7,67,67,
memtraceb-9ca7c5ff-kp0012-a7c0-current-present,9ca7c5ff-487c-ba5d-04f6-05f27d35ba2a,12,preference,preference,current,present,0,7,7,
memtraceb-9ca7c5ff-kp0012-a16c1-current-present,9ca7c5ff-487c-ba5d-04f6-05f27d35ba2a,12,preference,preference,current,present,1,16,16,
memtraceb-9ca7c5ff-kp0012-a24c2-current-present,9ca7c5ff-487c-ba5d-04f6-05f27d35ba2a,12,preference,preference,current,present,2,24,24,
memtraceb-9ca7c5ff-kp0012-a33c3-current-present,9ca7c5ff-487c-ba5d-04f6-05f27d35ba2a,12,preference,preference,current,present,3,33,33,
memtraceb-9ca7c5ff-kp0012-a41c4-current-present,9ca7c5ff-487c-ba5d-04f6-05f27d35ba2a,12,preference,preference,current,present,4,41,41,
memtraceb-9ca7c5ff-kp0012-a50c5-current-present,9ca7c5ff-487c-ba5d-04f6-05f27d35ba2a,12,preference,preference,current,present,5,50,50,
memtraceb-9ca7c5ff-kp0012-a58c6-current-present,9ca7c5ff-487c-ba5d-04f6-05f27d35ba2a,12,preference,preference,current,present,6,58,58,
memtraceb-9ca7c5ff-kp0012-a67c7-current-present,9ca7c5ff-487c-ba5d-04f6-05f27d35ba2a,12,preference,preference,current,present,7,67,67,
memtraceb-9ca7c5ff-kp0101-a4c0-current-present,9ca7c5ff-487c-ba5d-04f6-05f27d35ba2a,101,dynamic,dynamic,current,present,0,7,4,item_stale
memtraceb-9ca7c5ff-kp0101-a4c0-historical-present,9ca7c5ff-487c-ba5d-04f6-05f27d35ba2a,101,dynamic,dynamic,historical,present,0,7,4,retrieval_error
memtraceb-9ca7c5ff-kp0101-a4c0-trajectory-present,9ca7c5ff-487c-ba5d-04f6-05f27d35ba2a,101,dynamic,dynamic,trajectory,present,0,7,4,granularity_error
memtraceb-9ca7c5ff-kp0101-a4c0-current-contradicted,9ca7c5ff-487c-ba5d-04f6-05f27d35ba2a,101,dynamic,conflict_distractor,current,contradicted,0,7,4,item_conflict
memtraceb-9ca7c5ff-kp0101-a13c1-current-present,9ca7c5ff-487c-ba5d-04f6-05f27d35ba2a,101,dynamic,dynamic,current,present,1,16,13,item_stale
memtraceb-9ca7c5ff-kp0101-a13c1-historical-present,9ca7c5ff-487c-ba5d-04f6-05f27d35ba2a,101,dynamic,dynamic,historical,present,1,16,13,retrieval_error
memtraceb-9ca7c5ff-kp0101-a13c1-trajectory-present,9ca7c5ff-487c-ba5d-04f6-05f27d35ba2a,101,dynamic,dynamic,trajectory,present,1,16,13,granularity_error
memtraceb-9ca7c5ff-kp0101-a13c1-current-contradicted,9ca7c5ff-487c-ba5d-04f6-05f27d35ba2a,101,dynamic,conflict_distractor,current,contradicted,1,16,13,item_conflict
memtraceb-9ca7c5ff-kp0101-a21c2-current-present,9ca7c5ff-487c-ba5d-04f6-05f27d35ba2a,101,dynamic,dynamic,current,present,2,24,21,item_stale
memtraceb-9ca7c5ff-kp0101-a21c2-historical-present,9ca7c5ff-487c-ba5d-04f6-05f27d35ba2a,101,dynamic,dynamic,historical,present,2,24,21,retrieval_error
memtraceb-9ca7c5ff-kp0101-a21c2-trajectory-present,9ca7c5ff-487c-ba5d-04f6-05f27d35ba2a,101,dynamic,dynamic,trajectory,present,2,24,21,granularity_error
memtraceb-9ca7c5ff-kp0101-a21c2-current-contradicted,9ca7c5ff-487c-ba5d-04f6-05f27d35ba2a,101,dynamic,conflict_distractor,current,contradicted,2,24,21,item_conflict
memtraceb-9ca7c5ff-kp0101-a30c3-current-present,9ca7c5ff-487c-ba5d-04f6-05f27d35ba2a,101,dynamic,dynamic,current,present,3,33,30,item_stale
memtraceb-9ca7c5ff-kp0101-a30c3-historical-present,9ca7c5ff-487c-ba5d-04f6-05f27d35ba2a,101,dynamic,dynamic,historical,present,3,33,30,retrieval_error
memtraceb-9ca7c5ff-kp0101-a30c3-trajectory-present,9ca7c5ff-487c-ba5d-04f6-05f27d35ba2a,101,dynamic,dynamic,trajectory,present,3,33,30,granularity_error
memtraceb-9ca7c5ff-kp0101-a30c3-current-contradicted,9ca7c5ff-487c-ba5d-04f6-05f27d35ba2a,101,dynamic,conflict_distractor,current,contradicted,3,33,30,item_conflict
memtraceb-9ca7c5ff-kp0101-a38c4-current-present,9ca7c5ff-487c-ba5d-04f6-05f27d35ba2a,101,dynamic,dynamic,current,present,4,41,38,item_stale
memtraceb-9ca7c5ff-kp0101-a38c4-historical-present,9ca7c5ff-487c-ba5d-04f6-05f27d35ba2a,101,dynamic,dynamic,historical,present,4,41,38,retrieval_error
memtraceb-9ca7c5ff-kp0101-a38c4-trajectory-present,9ca7c5ff-487c-ba5d-04f6-05f27d35ba2a,101,dynamic,dynamic,trajectory,present,4,41,38,granularity_error
memtraceb-9ca7c5ff-kp0101-a38c4-current-contradicted,9ca7c5ff-487c-ba5d-04f6-05f27d35ba2a,101,dynamic,conflict_distractor,current,contradicted,4,41,38,item_conflict
memtraceb-9ca7c5ff-kp0101-a47c5-current-present,9ca7c5ff-487c-ba5d-04f6-05f27d35ba2a,101,dynamic,dynamic,current,present,5,50,47,item_stale
memtraceb-9ca7c5ff-kp0101-a47c5-historical-present,9ca7c5ff-487c-ba5d-04f6-05f27d35ba2a,101,dynamic,dynamic,historical,present,5,50,47,retrieval_error
memtraceb-9ca7c5ff-kp0101-a47c5-trajectory-present,9ca7c5ff-487c-ba5d-04f6-05f27d35ba2a,101,dynamic,dynamic,trajectory,present,5,50,47,granularity_error
memtraceb-9ca7c5ff-kp0101-a47c5-current-contradicted,9ca7c5ff-487c-ba5d-04f6-05f27d35ba2a,101,dynamic,conflict_distractor,current,contradicted,5,50,47,item_conflict
memtraceb-9ca7c5ff-kp0101-a55c6-current-present,9ca7c5ff-487c-ba5d-04f6-05f27d35ba2a,101,dynamic,dynamic,current,present,6,58,55,item_stale
memtraceb-9ca7c5ff-kp0101-a55c6-historical-present,9ca7c5ff-487c-ba5d-04f6-05f27d35ba2a,101,dynamic,dynamic,historical,present,6,58,55,retrieval_error
memtraceb-9ca7c5ff-kp0101-a55c6-trajectory-present,9ca7c5ff-487c-ba5d-04f6-05f27d35ba2a,101,dynamic,dynamic,trajectory,present,6,58,55,granularity_error
memtraceb-9ca7c5ff-kp0101-a55c6-current-contradicted,9ca7c5ff-487c-ba5d-04f6-05f27d35ba2a,101,dynamic,conflict_distractor,current,contradicted,6,58,55,item_conflict
memtraceb-9ca7c5ff-kp0101-a64c7-current-present,9ca7c5ff-487c-ba5d-04f6-05f27d35ba2a,101,dynamic,dynamic,current,present,7,67,64,item_stale
memtraceb-9ca7c5ff-kp0101-a64c7-historical-present,9ca7c5ff-487c-ba5d-04f6-05f27d35ba2a,101,dynamic,dynamic,historical,present,7,67,64,retrieval_error
memtraceb-9ca7c5ff-kp0101-a64c7-trajectory-present,9ca7c5ff-487c-ba5d-04f6-05f27d35ba2a,101,dynamic,dynamic,trajectory,present,7,67,64,granularity_error
memtraceb-9ca7c5ff-kp0101-a64c7-current-contradicted,9ca7c5ff-487c-ba5d-04f6-05f27d35ba2a,101,dynamic,conflict_distractor,current,contradicted,7,67,64,item_conflict
memtraceb-9ca7c5ff-kp0178-a5c1-current-present,9ca7c5ff-487c-ba5d-04f6-05f27d35ba2a,178,preference,preference,current,present,1,16,5,
memtraceb-9ca7c5ff-kp0178-a13c2-current-present,9ca7c5ff-487c-ba5d-04f6-05f27d35ba2a,178,preference,preference,current,present,2,24,13,
memtraceb-9ca7c5ff-kp0178-a22c3-current-present,9ca7c5ff-487c-ba5d-04f6-05f27d35ba2a,178,preference,preference,current,present,3,33,22,
memtraceb-9ca7c5ff-kp0178-a30c4-current-present,9ca7c5ff-487c-ba5d-04f6-05f27d35ba2a,178,preference,preference,current,present,4,41,30,
memtraceb-9ca7c5ff-kp0178-a39c5-current-present,9ca7c5ff-487c-ba5d-04f6-05f27d35ba2a,178,preference,preference,current,present,5,50,39,
memtraceb-9ca7c5ff-kp0178-a47c6-current-present,9ca7c5ff-487c-ba5d-04f6-05f27d35ba2a,178,preference,preference,current,present,6,58,47,
memtraceb-9ca7c5ff-kp0178-a56c7-current-present,9ca7c5ff-487c-ba5d-04f6-05f27d35ba2a,178,preference,preference,current,present,7,67,56,
memtraceb-9ca7c5ff-kp0310-a5c3-current-present,9ca7c5ff-487c-ba5d-04f6-05f27d35ba2a,310,dynamic,dynamic,current,present,3,33,5,item_stale
memtraceb-9ca7c5ff-kp0310-a5c3-historical-present,9ca7c5ff-487c-ba5d-04f6-05f27d35ba2a,310,dynamic,dynamic,historical,present,3,33,5,retrieval_error
memtraceb-9ca7c5ff-kp0310-a5c3-trajectory-present,9ca7c5ff-487c-ba5d-04f6-05f27d35ba2a,310,dynamic,dynamic,trajectory,present,3,33,5,granularity_error
memtraceb-9ca7c5ff-kp0310-a5c3-current-contradicted,9ca7c5ff-487c-ba5d-04f6-05f27d35ba2a,310,dynamic,conflict_distractor,current,contradicted,3,33,5,item_conflict
memtraceb-9ca7c5ff-kp0310-a13c4-current-present,9ca7c5ff-487c-ba5d-04f6-05f27d35ba2a,310,dynamic,dynamic,current,present,4,41,13,item_stale
memtraceb-9ca7c5ff-kp0310-a13c4-historical-present,9ca7c5ff-487c-ba5d-04f6-05f27d35ba2a,310,dynamic,dynamic,historical,present,4,41,13,retrieval_error
memtraceb-9ca7c5ff-kp0310-a13c4-trajectory-present,9ca7c5ff-487c-ba5d-04f6-05f27d35ba2a,310,dynamic,dynamic,trajectory,present,4,41,13,granularity_error
memtraceb-9ca7c5ff-kp0310-a13c4-current-contradicted,9ca7c5ff-487c-ba5d-04f6-05f27d35ba2a,310,dynamic,conflict_distractor,current,contradicted,4,41,13,item_conflict
memtraceb-9ca7c5ff-kp0310-a22c5-current-present,9ca7c5ff-487c-ba5d-04f6-05f27d35ba2a,310,dynamic,dynamic,current,present,5,50,22,item_stale
memtraceb-9ca7c5ff-kp0310-a22c5-historical-present,9ca7c5ff-487c-ba5d-04f6-05f27d35ba2a,310,dynamic,dynamic,historical,present,5,50,22,retrieval_error
memtraceb-9ca7c5ff-kp0310-a22c5-trajectory-present,9ca7c5ff-487c-ba5d-04f6-05f27d35ba2a,310,dynamic,dynamic,trajectory,present,5,50,22,granularity_error
memtraceb-9ca7c5ff-kp0310-a22c5-current-contradicted,9ca7c5ff-487c-ba5d-04f6-05f27d35ba2a,310,dynamic,conflict_distractor,current,contradicted,5,50,22,item_conflict
memtraceb-9ca7c5ff-kp0310-a30c6-current-present,9ca7c5ff-487c-ba5d-04f6-05f27d35ba2a,310,dynamic,dynamic,current,present,6,58,30,item_stale
memtraceb-9ca7c5ff-kp0310-a30c6-historical-present,9ca7c5ff-487c-ba5d-04f6-05f27d35ba2a,310,dynamic,dynamic,historical,present,6,58,30,retrieval_error
memtraceb-9ca7c5ff-kp0310-a30c6-trajectory-present,9ca7c5ff-487c-ba5d-04f6-05f27d35ba2a,310,dynamic,dynamic,trajectory,present,6,58,30,granularity_error
memtraceb-9ca7c5ff-kp0310-a30c6-current-contradicted,9ca7c5ff-487c-ba5d-04f6-05f27d35ba2a,310,dynamic,conflict_distractor,current,contradicted,6,58,30,item_conflict
memtraceb-9ca7c5ff-kp0310-a39c7-current-present,9ca7c5ff-487c-ba5d-04f6-05f27d35ba2a,310,dynamic,dynamic,current,present,7,67,39,item_stale
memtraceb-9ca7c5ff-kp0310-a39c7-historical-present,9ca7c5ff-487c-ba5d-04f6-05f27d35ba2a,310,dynamic,dynamic,historical,present,7,67,39,retrieval_error
memtraceb-9ca7c5ff-kp0310-a39c7-trajectory-present,9ca7c5ff-487c-ba5d-04f6-05f27d35ba2a,310,dynamic,dynamic,trajectory,present,7,67,39,granularity_error
memtraceb-9ca7c5ff-kp0310-a39c7-current-contradicted,9ca7c5ff-487c-ba5d-04f6-05f27d35ba2a,310,dynamic,conflict_distractor,current,contradicted,7,67,39,item_conflict
memtraceb-9ca7c5ff-kp0346-a1c3-current-present,9ca7c5ff-487c-ba5d-04f6-05f27d35ba2a,346,static,static,current,present,3,33,1,
memtraceb-9ca7c5ff-kp0346-a9c4-current-present,9ca7c5ff-487c-ba5d-04f6-05f27d35ba2a,346,static,static,current,present,4,41,9,
memtraceb-9ca7c5ff-kp0346-a18c5-current-present,9ca7c5ff-487c-ba5d-04f6-05f27d35ba2a,346,static,static,current,present,5,50,18,
memtraceb-9ca7c5ff-kp0346-a26c6-current-present,9ca7c5ff-487c-ba5d-04f6-05f27d35ba2a,346,static,static,current,present,6,58,26,
memtraceb-9ca7c5ff-kp0346-a35c7-current-present,9ca7c5ff-487c-ba5d-04f6-05f27d35ba2a,346,static,static,current,present,7,67,35,
memtraceb-9ca7c5ff-bdbeveragepreference-a7c0-current-missing,9ca7c5ff-487c-ba5d-04f6-05f27d35ba2a,,boundary,boundary_distractor,current,missing,0,7,7,safety_error
memtraceb-9ca7c5ff-bdbeveragepreference-a16c1-current-missing,9ca7c5ff-487c-ba5d-04f6-05f27d35ba2a,,boundary,boundary_distractor,current,missing,1,16,16,safety_error
memtraceb-9ca7c5ff-bdbeveragepreference-a24c2-current-missing,9ca7c5ff-487c-ba5d-04f6-05f27d35ba2a,,boundary,boundary_distractor,current,missing,2,24,24,safety_error
memtraceb-9ca7c5ff-bdbeveragepreference-a33c3-current-missing,9ca7c5ff-487c-ba5d-04f6-05f27d35ba2a,,boundary,boundary_distractor,current,missing,3,33,33,safety_error
memtraceb-9ca7c5ff-bdbeveragepreference-a41c4-current-missing,9ca7c5ff-487c-ba5d-04f6-05f27d35ba2a,,boundary,boundary_distractor,current,missing,4,41,41,safety_error
memtraceb-9ca7c5ff-bdbeveragepreference-a50c5-current-missing,9ca7c5ff-487c-ba5d-04f6-05f27d35ba2a,,boundary,boundary_distractor,current,missing,5,50,50,safety_error
memtraceb-9ca7c5ff-bdbeveragepreference-a58c6-current-missing,9ca7c5ff-487c-ba5d-04f6-05f27d35ba2a,,boundary,boundary_distractor,current,missing,6,58,58,safety_error
memtraceb-9ca7c5ff-bdbeveragepreference-a67c7-current-missing,9ca7c5ff-487c-ba5d-04f6-05f27d35ba2a,,boundary,boundary_distractor,current,missing,7,67,67,safety_error
memtraceb-9ca7c5ff-bdmusicpreference-a7c0-current-missing,9ca7c5ff-487c-ba5d-04f6-05f27d35ba2a,,boundary,boundary_distractor,current,missing,0,7,7,safety_error
memtraceb-9ca7c5ff-bdmusicpreference-a16c1-current-missing,9ca7c5ff-487c-ba5d-04f6-05f27d35ba2a,,boundary,boundary_distractor,current,missing,1,16,16,safety_error
memtraceb-9ca7c5ff-bdmusicpreference-a24c2-current-missing,9ca7c5ff-487c-ba5d-04f6-05f27d35ba2a,,boundary,boundary_distractor,current,missing,2,24,24,safety_error
memtraceb-9ca7c5ff-bdmusicpreference-a33c3-current-missing,9ca7c5ff-487c-ba5d-04f6-05f27d35ba2a,,boundary,boundary_distractor,current,missing,3,33,33,safety_error
memtraceb-9ca7c5ff-bdmusicpreference-a41c4-current-missing,9ca7c5ff-487c-ba5d-04f6-05f27d35ba2a,,boundary,boundary_distractor,current,missing,4,41,41,safety_error
memtraceb-9ca7c5ff-bdmusicpreference-a50c5-current-missing,9ca7c5ff-487c-ba5d-04f6-05f27d35ba2a,,boundary,boundary_distractor,current,missing,5,50,50,safety_error
memtraceb-9ca7c5ff-bdmusicpreference-a58c6-current-missing,9ca7c5ff-487c-ba5d-04f6-05f27d35ba2a,,boundary,boundary_distractor,current,missing,6,58,58,safety_error
memtraceb-9ca7c5ff-bdmusicpreference-a67c7-current-missing,9ca7c5ff-487c-ba5d-04f6-05f27d35ba2a,,boundary,boundary_distractor,current,missing,7,67,67,safety_error
